name, fex, time
S005_001_00000009, disgust, 0.9383459000091534
S005_001_00000010, disgust, 0.42301539999607485
S005_001_00000011, disgust, 0.413977199990768
S010_001_00000012, surprise, 0.5234933000028832
S010_001_00000013, surprise, 0.4074079999991227
S010_001_00000014, surprise, 0.42534299999533687
S010_002_00000012, surprise, 0.40950249999877997
S010_002_00000013, surprise, 0.5813943999964977
S010_002_00000014, surprise, 0.5919470000080764
S010_003_00000016, angry, 0.5196677000058116
S010_003_00000017, angry, 0.4750942000100622
S010_003_00000018, angry, 0.44388450001133606
S010_004_00000017, angry, 0.48420369999075774
S010_004_00000018, angry, 0.4045979999937117
S010_004_00000019, angry, 0.42798570000741165
S010_005_00000014, angry, 0.4089241000037873
S010_005_00000015, angry, 0.4011614000046393
S010_005_00000016, angry, 0.44465130000025965
S010_006_00000013, happy, 0.3871240000007674
S010_006_00000014, happy, 0.43411999999079853
S010_006_00000015, happy, 0.40849980000348296
S011_001_00000014, surprise, 0.5256100999977207
S011_001_00000015, surprise, 0.4011162999959197
S011_001_00000016, surprise, 0.39618710000650026
S011_002_00000020, sad, 0.4456171999918297
S011_002_00000021, sad, 0.3909133999986807
S011_002_00000022, sad, 0.4355301000032341
S011_003_00000012, sad, 0.38862080000399146
S011_003_00000013, sad, 0.39784859999781474
S011_003_00000014, sad, 0.46750270000484306
S011_004_00000019, angry, 0.39591619999555405
S011_004_00000020, angry, 0.4242498999956297
S011_004_00000021, angry, 0.5210032999893883
S011_005_00000018, disgust, 0.45317809999687597
S011_005_00000019, disgust, 0.3898410999972839
S011_005_00000020, disgust, 0.4059337999933632
S011_006_00000011, happy, 0.41973939999297727
S011_006_00000012, happy, 0.5260631999990437
S011_006_00000013, happy, 0.418567400003667
S014_001_00000027, surprise, 0.432327600006829
S014_001_00000028, surprise, 0.4277704999985872
S014_001_00000029, surprise, 0.40401959999871906
S014_002_00000014, sad, 0.40790789999300614
S014_002_00000015, sad, 0.4149057000031462
S014_002_00000016, sad, 0.3959790999942925
S014_003_00000028, angry, 0.437203599998611
S014_003_00000029, angry, 0.400341299988213
S014_003_00000030, angry, 0.4155707000027178
S014_004_00000017, disgust, 0.40978489999542944
S014_004_00000018, disgust, 0.40345260000322014
S014_004_00000019, disgust, 0.4218142000027001
S014_005_00000015, happy, 0.40008510000188835
S014_005_00000016, happy, 0.4317333999933908
S014_005_00000017, happy, 0.39953239999886137
S022_001_00000028, surprise, 0.40765949999331497
S022_001_00000029, surprise, 0.4364361999905668
S022_001_00000030, surprise, 0.3996943999954965
S022_002_00000015, sad, 0.42552650001016445
S022_002_00000016, sad, 0.4235561000095913
S022_002_00000017, sad, 0.40630529999907594
S022_003_00000031, happy, 0.4173808000050485
S022_003_00000032, happy, 0.39032059999590274
S022_003_00000033, happy, 0.4442081000015605
S022_004_00000021, angry, 0.40026700000453275
S022_004_00000022, sad, 0.42696389999764506
S022_004_00000023, sad, 0.4049268000089796
S022_005_00000030, angry, 0.3993913000012981
S022_005_00000031, angry, 0.42878670000936836
S022_005_00000032, angry, 0.4222856000124011
S022_006_00000015, disgust, 0.4283073999977205
S022_006_00000016, disgust, 0.399284400002216
S022_006_00000017, disgust, 0.40870599998743273
S026_001_00000013, surprise, 0.43302279998897575
S026_001_00000014, surprise, 0.4020254000060959
S026_001_00000015, surprise, 0.41719810001086444
S026_002_00000014, sad, 0.41933430000790395
S026_002_00000015, sad, 0.41038230000413023
S026_002_00000016, sad, 0.407874600001378
S026_003_00000013, angry, 0.4001181999919936
S026_003_00000014, angry, 0.4612051000003703
S026_003_00000015, angry, 0.3912751999887405
S026_004_00000010, surprise, 0.42931799999496434
S026_004_00000011, disgust, 0.38526249999995343
S026_004_00000012, surprise, 0.40869779999775346
S026_005_00000012, sad, 0.40361290000146255
S026_005_00000013, sad, 0.3854391999921063
S026_005_00000014, sad, 0.4297179999994114
S026_006_00000011, happy, 0.3894720999960555
S026_006_00000012, happy, 0.4020122999936575
S026_006_00000013, happy, 0.40699240000685677
S028_001_00000022, angry, 0.3855616000073496
S028_001_00000023, angry, 0.4257474000041839
S028_001_00000024, angry, 0.3968874999991385
S029_001_00000017, angry, 0.4047627999971155
S029_001_00000018, angry, 0.4089040999970166
S029_001_00000019, angry, 0.3923896999913268
S032_001_00000020, surprise, 0.43922429998929147
S032_001_00000021, surprise, 0.4013983000040753
S032_001_00000022, surprise, 0.44318570000177715
S032_002_00000019, sad, 0.40232900000410154
S032_002_00000020, sad, 0.39964380000310484
S032_002_00000021, sad, 0.41817549998813774
S032_003_00000015, angry, 0.40390750000369735
S032_003_00000016, angry, 0.42309060000116006
S032_003_00000017, angry, 0.41185409999161493
S032_004_00000012, angry, 0.4324786000070162
S032_004_00000013, angry, 0.4329167999967467
S032_004_00000014, angry, 0.4016170999966562
S032_005_00000014, disgust, 0.41833000000042375
S032_005_00000015, disgust, 0.40453689999412745
S032_005_00000016, disgust, 0.4088886999961687
S032_006_00000014, happy, 0.4298294000036549
S032_006_00000015, happy, 0.40120520000346005
S032_006_00000016, happy, 0.42877040000166744
S034_001_00000027, surprise, 0.39916610000364017
S034_001_00000028, surprise, 0.45075779999024235
S034_001_00000029, surprise, 0.39854449999984354
S034_002_00000031, sad, 0.3915134999988368
S034_002_00000032, sad, 0.42572389999986626
S034_002_00000033, sad, 0.4155285000015283
S034_003_00000025, angry, 0.4388914000010118
S034_003_00000026, angry, 0.3957611999940127
S034_003_00000027, angry, 0.4112485999939963
S034_004_00000035, sad, 0.4184993999951985
S034_004_00000036, angry, 0.4113394000014523
S034_004_00000037, neutral, 0.4468529000005219
S034_005_00000008, happy, 0.40021300000080373
S034_005_00000009, happy, 0.4169874999934109
S034_005_00000010, happy, 0.40932779999275226
S035_001_00000013, fear, 0.4179082000046037
S035_001_00000014, fear, 0.42660459999751765
S035_001_00000015, fear, 0.39969799999380484
S035_002_00000008, neutral, 0.43038940000406
S035_002_00000009, neutral, 0.3873431999963941
S035_002_00000010, neutral, 0.4062821999978041
S035_003_00000013, disgust, 0.4051371000095969
S035_003_00000014, disgust, 0.5245863999880385
S035_003_00000015, disgust, 0.413543300004676
S035_004_00000014, angry, 0.39562529999238905
S035_004_00000015, angry, 0.430075800002669
S035_004_00000016, angry, 0.4012709999951767
S035_005_00000017, disgust, 0.42893090000143275
S035_005_00000018, disgust, 0.41129129999899305
S035_005_00000019, disgust, 0.40964890000759624
S035_006_00000016, happy, 0.42951560000074096
S035_006_00000017, happy, 0.39072939999459777
S035_006_00000018, happy, 0.40480599999136757
S037_001_00000018, surprise, 0.4126920999988215
S037_001_00000019, surprise, 0.39394629999878816
S037_001_00000020, surprise, 0.4277689000009559
S037_002_00000015, sad, 0.3975661000004038
S037_002_00000016, sad, 0.4277256000059424
S037_002_00000017, sad, 0.39507980000053067
S037_003_00000020, angry, 0.3934743999998318
S037_003_00000021, angry, 0.4259631000022637
S037_003_00000022, angry, 0.39067660000000615
S037_004_00000064, disgust, 0.4115968999976758
S037_004_00000065, disgust, 0.4124283999990439
S037_004_00000066, disgust, 0.3938071000011405
S037_005_00000020, sad, 0.43090369999117684
S037_005_00000021, surprise, 0.5650666000001365
S037_005_00000022, sad, 0.4163057999976445
S037_006_00000019, happy, 0.3916207000002032
S037_006_00000020, happy, 0.428723799996078
S037_006_00000021, happy, 0.39095369999995455
S042_001_00000017, angry, 0.3973229999974137
S042_001_00000018, angry, 0.4277503000048455
S042_001_00000019, angry, 0.40983639999467414
S042_002_00000014, angry, 0.42862459999741986
S042_002_00000015, angry, 0.3991108000045642
S042_002_00000016, angry, 0.40932360000442713
S042_003_00000012, angry, 0.41620910000347067
S042_003_00000013, angry, 0.40893980000691954
S042_003_00000014, angry, 0.44112740000127815
S042_004_00000018, angry, 0.3867952000000514
S042_004_00000019, angry, 0.41708669999206904
S042_004_00000020, angry, 0.40520090000063647
S042_005_00000017, disgust, 0.4043336999893654
S042_005_00000018, disgust, 0.43693250000069384
S042_005_00000019, disgust, 0.39606700000877026
S042_006_00000015, angry, 0.45601100000203587
S042_006_00000016, angry, 0.3977372000081232
S042_006_00000017, angry, 0.41072970000095665
S044_001_00000022, surprise, 0.4187685000069905
S044_001_00000023, surprise, 0.3956554999895161
S044_001_00000024, surprise, 0.4450522999977693
S044_002_00000016, happy, 0.3829989000078058
S044_002_00000017, happy, 0.3976503999874694
S044_002_00000018, happy, 0.41933950000384357
S044_003_00000012, happy, 0.3816164000018034
S044_003_00000013, happy, 0.4488176000013482
S044_003_00000014, happy, 0.3892801000038162
S044_004_00000027, angry, 0.40159910000511445
S044_004_00000028, angry, 0.3897959999885643
S044_004_00000029, angry, 0.4020645999989938
S044_005_00000027, angry, 0.42847250000340864
S044_005_00000028, angry, 0.38666010000451934
S044_005_00000029, angry, 0.4272385999938706
S044_006_00000017, angry, 0.39462570000614505
S044_006_00000018, angry, 0.38301039999350905
S044_006_00000019, disgust, 0.41445130000647623
S045_001_00000028, surprise, 0.39353650000703055
S045_001_00000029, surprise, 0.4105637000029674
S045_001_00000030, surprise, 0.39296459998877253
S045_002_00000012, angry, 0.3874892000021646
S045_002_00000013, angry, 0.4178066000022227
S045_002_00000014, angry, 0.3888227999996161
S045_003_00000015, happy, 0.4137211000052048
S045_003_00000016, happy, 0.38821120001375675
S045_003_00000017, happy, 0.3866870000056224
S045_004_00000013, disgust, 0.4143344000040088
S045_004_00000014, disgust, 0.38682580000022426
S045_004_00000015, disgust, 0.4108721999946283
S045_005_00000028, angry, 0.39418750000186265
S045_005_00000029, angry, 0.38579669999307953
S045_005_00000030, angry, 0.4143614000058733
S046_001_00000023, neutral, 0.3973800000094343
S046_001_00000024, neutral, 0.4204897000017809
S046_001_00000025, neutral, 0.3876553000009153
S046_002_00000004, surprise, 0.39888569999311585
S046_002_00000005, surprise, 0.427199700003257
S046_002_00000006, surprise, 0.4223162999987835
S046_003_00000014, sad, 0.4392329999973299
S046_003_00000015, sad, 0.39354720000119414
S046_003_00000016, sad, 0.4244142999959877
S046_004_00000015, angry, 0.41114299999026116
S046_004_00000016, angry, 0.398993499999051
S046_004_00000017, disgust, 0.4329319999960717
S046_005_00000021, happy, 0.39389500000106636
S046_005_00000022, happy, 0.41884359999676235
S046_005_00000023, happy, 0.40108409999811556
S050_001_00000015, surprise, 0.3999536000046646
S050_001_00000016, surprise, 0.4243812000058824
S050_001_00000017, surprise, 0.3868069000018295
S050_002_00000016, surprise, 0.43139919999521226
S050_002_00000017, surprise, 0.397469599993201
S050_002_00000018, surprise, 0.3961570999963442
S050_003_00000019, neutral, 0.41579329999512993
S050_003_00000020, neutral, 0.39446979999775067
S050_003_00000021, neutral, 0.424278200007393
S050_004_00000019, angry, 0.3838934999948833
S050_004_00000020, angry, 0.39351510000415146
S050_004_00000021, angry, 0.43650469998829067
S050_005_00000011, angry, 0.39303590000781696
S050_005_00000012, angry, 0.426832099998137
S050_005_00000013, angry, 0.3915818999957992
S050_006_00000021, happy, 0.39487659999576863
S050_006_00000022, happy, 0.4155070999986492
S050_006_00000023, happy, 0.40351420000661165
S051_001_00000022, sad, 0.43026280000049155
S051_001_00000023, sad, 0.38807319999614265
S051_001_00000024, surprise, 0.3917751999979373
S051_002_00000017, surprise, 0.41084079998836387
S051_002_00000018, surprise, 0.3934395999967819
S051_002_00000019, surprise, 0.4240330000029644
S051_003_00000016, disgust, 0.3828705999912927
S051_003_00000017, surprise, 0.3996400000032736
S051_003_00000018, angry, 0.41036809999786783
S052_001_00000013, surprise, 0.4275698999990709
S052_001_00000014, surprise, 0.4356007000023965
S052_001_00000015, surprise, 0.39307089999783784
S052_002_00000020, angry, 0.43069330000435
S052_002_00000021, angry, 0.39392319999751635
S052_002_00000022, angry, 0.3961774999916088
S052_003_00000017, angry, 0.44415399999707006
S052_003_00000018, angry, 0.40131169999949634
S052_003_00000019, angry, 0.42972369999915827
S052_004_00000031, happy, 0.41166990000056103
S052_004_00000032, happy, 0.4184899999963818
S052_004_00000033, happy, 0.42715750000206754
S052_006_00000011, neutral, 0.3953704000014113
S052_006_00000012, disgust, 0.4214981999975862
S052_006_00000013, disgust, 0.39520480000646785
S053_001_00000021, surprise, 0.3932637999969302
S053_001_00000022, fear, 0.42283470000256784
S053_001_00000023, fear, 0.39881519999471493
S053_003_00000063, angry, 0.44178480000118725
S053_003_00000064, angry, 0.3827722999994876
S053_003_00000065, angry, 0.4201610000018263
S053_004_00000022, happy, 0.39458570000715554
S053_004_00000023, happy, 0.40092050000384916
S053_004_00000024, happy, 0.4346540999977151
S054_001_00000018, happy, 0.3986202999949455
S054_001_00000019, happy, 0.45070500001020264
S054_001_00000020, happy, 0.40400080000108574
S054_002_00000013, fear, 0.40331419999711215
S054_002_00000014, fear, 0.42276649999257643
S054_002_00000015, fear, 0.40863000000535976
S054_003_00000005, surprise, 0.4227670999971451
S054_003_00000006, surprise, 0.39346340000338387
S054_003_00000007, surprise, 0.40173590001359116
S054_004_00000022, angry, 0.42928050000045914
S054_004_00000023, angry, 0.39423780000652187
S054_004_00000024, angry, 0.442665800001123
S055_001_00000010, surprise, 0.4044737000076566
S055_001_00000011, surprise, 0.42111369999474846
S055_001_00000012, surprise, 0.4049191999947652
S055_002_00000023, neutral, 0.40155690000392497
S055_002_00000024, neutral, 0.4171736999996938
S055_002_00000025, neutral, 0.3923751000111224
S055_003_00000007, disgust, 0.4330661999993026
S055_003_00000008, disgust, 0.39931130000331905
S055_003_00000009, disgust, 0.3873048000095878
S055_004_00000026, angry, 0.43361799999547657
S055_004_00000027, angry, 0.39238180000393186
S055_004_00000028, angry, 0.42536009999457747
S055_005_00000043, happy, 0.383827099998598
S055_005_00000044, happy, 0.39761269999144133
S055_005_00000045, happy, 0.4259779999993043
S055_006_00000006, neutral, 0.3900310999888461
S055_006_00000007, surprise, 0.43197990000771824
S055_006_00000008, fear, 0.3947613000054844
S056_001_00000014, disgust, 0.40841509999881964
S056_001_00000015, disgust, 0.4078735999937635
S056_001_00000016, disgust, 0.39064430000144057
S056_002_00000008, disgust, 0.4298648000112735
S056_002_00000009, disgust, 0.39047430000209715
S056_002_00000010, disgust, 0.41103580000344664
S056_003_00000008, surprise, 0.40689450000354555
S056_003_00000009, surprise, 0.3937304999999469
S056_003_00000010, surprise, 0.4380759999912698
S056_004_00000018, happy, 0.4020223999978043
S056_004_00000019, surprise, 0.4211998999962816
S056_004_00000020, surprise, 0.3929216999968048
S057_001_00000017, surprise, 0.39883069999632426
S057_001_00000018, surprise, 0.4321775999997044
S057_001_00000019, surprise, 0.39286140000331216
S057_002_00000013, neutral, 0.462113399989903
S057_002_00000014, neutral, 0.4054080000059912
S057_002_00000015, neutral, 0.40351709999958985
S057_003_00000013, disgust, 0.4118289000034565
S057_003_00000014, disgust, 0.3999275999958627
S057_003_00000015, disgust, 0.4217140999971889
S057_004_00000018, disgust, 0.3981233000085922
S057_004_00000019, disgust, 0.4114506999903824
S057_004_00000020, disgust, 0.4119799000036437
S057_005_00000033, angry, 0.3974538000038592
S057_005_00000034, angry, 0.4255378999951063
S057_005_00000035, angry, 0.3973584000050323
S057_006_00000031, happy, 0.42575430001306813
S057_006_00000032, happy, 0.40187519999744836
S057_006_00000033, happy, 0.39402419999532867
S058_001_00000018, surprise, 0.4207304000010481
S058_001_00000019, surprise, 0.3904542000091169
S058_001_00000020, surprise, 0.43247230000270065
S058_002_00000020, happy, 0.39232389999961015
S058_002_00000021, happy, 0.39400049998948816
S058_002_00000022, happy, 0.4301333000039449
S058_003_00000013, angry, 0.39424460000009276
S058_003_00000014, angry, 0.4430321000108961
S058_003_00000015, angry, 0.392670499990345
S058_005_00000008, angry, 0.405677899994771
S058_005_00000009, angry, 0.41057680000085384
S058_005_00000010, angry, 0.3970419000106631
S058_006_00000016, disgust, 0.4233766999968793
S058_006_00000017, disgust, 0.4052131999924313
S058_006_00000018, disgust, 0.39513479999732226
S059_001_00000016, fear, 0.4168876000039745
S059_001_00000017, fear, 0.4152831999963382
S059_001_00000018, fear, 0.43151579999539535
S059_002_00000015, fear, 0.3928419000003487
S059_002_00000016, fear, 0.422489399992628
S059_002_00000017, fear, 0.3988099000125658
S059_003_00000034, disgust, 0.38250459999835584
S059_003_00000035, disgust, 0.4214878999919165
S059_003_00000036, disgust, 0.4194352000049548
S060_001_00000018, neutral, 0.4309425000101328
S060_001_00000019, neutral, 0.40256860000954475
S060_001_00000020, neutral, 0.4166953999956604
S060_002_00000024, happy, 0.4215265999955591
S060_002_00000025, happy, 0.39170420001028106
S060_002_00000026, happy, 0.44230170000810176
S060_003_00000016, surprise, 0.3976785999984713
S060_003_00000017, surprise, 0.44343829998979345
S060_003_00000018, surprise, 0.40612179999880027
S060_005_00000019, disgust, 0.3927135999983875
S060_005_00000020, disgust, 0.4372778999968432
S060_005_00000021, disgust, 0.39199469999584835
S061_001_00000010, surprise, 0.4213404000038281
S061_001_00000011, fear, 0.3876027999940561
S061_001_00000012, fear, 0.3972531000035815
S061_002_00000013, happy, 0.41972260001057293
S061_002_00000014, happy, 0.38025240000570193
S061_002_00000015, happy, 0.4126089000055799
S061_004_00000020, disgust, 0.3848615999886533
S061_004_00000021, disgust, 0.394713400004548
S061_004_00000022, disgust, 0.4210735999949975
S062_001_00000015, fear, 0.3822190000064438
S062_001_00000016, fear, 0.4266038999921875
S062_001_00000017, fear, 0.3924665000085952
S062_002_00000014, surprise, 0.39630389999365434
S062_002_00000015, surprise, 0.4270589000079781
S062_002_00000016, surprise, 0.3840675999963423
S062_003_00000022, angry, 0.44609480000508483
S062_003_00000023, angry, 0.3906983999913791
S062_003_00000024, neutral, 0.40762009999889415
S062_004_00000022, happy, 0.42758360000152607
S062_004_00000023, happy, 0.3870972000004258
S062_004_00000024, happy, 0.41917470000043977
S062_005_00000027, disgust, 0.3861587999999756
S062_005_00000028, disgust, 0.39076029999705497
S062_005_00000029, disgust, 0.410310399995069
S063_001_00000011, surprise, 0.39038040000014007
S063_001_00000012, surprise, 0.4431186000001617
S063_001_00000013, surprise, 0.3914456000056816
S063_002_00000021, happy, 0.4081335999944713
S063_002_00000022, happy, 0.41283250000560656
S063_002_00000023, happy, 0.39776189999247435
S064_001_00000010, surprise, 0.44014619999506976
S064_001_00000011, surprise, 0.3994925000006333
S064_001_00000012, surprise, 0.40582919999724254
S064_002_00000027, neutral, 0.4043923999997787
S064_002_00000028, angry, 0.39200890000211075
S064_002_00000029, neutral, 0.4537559999880614
S064_003_00000023, happy, 0.3953761000011582
S064_003_00000024, happy, 0.4260287000070093
S064_003_00000025, happy, 0.38958660000935197
S064_004_00000012, neutral, 0.3843081999948481
S064_004_00000013, neutral, 0.44144979999691714
S064_004_00000014, neutral, 0.388300699996762
S065_001_00000016, neutral, 0.426007700007176
S065_001_00000017, neutral, 0.39659649999521207
S065_001_00000018, neutral, 0.41543009999440983
S065_002_00000020, fear, 0.40516650000063237
S065_002_00000021, fear, 0.39966520000598393
S065_002_00000022, fear, 0.4373159999959171
S065_003_00000020, fear, 0.3888843999884557
S065_003_00000021, fear, 0.4164683999988483
S065_003_00000022, fear, 0.4053665999963414
S065_004_00000026, happy, 0.3965803000028245
S065_004_00000027, happy, 0.4367039000062505
S065_004_00000028, happy, 0.39653339999495074
S065_005_00000006, angry, 0.4735889000003226
S065_005_00000007, angry, 0.38370420000865124
S065_005_00000008, angry, 0.3862924999993993
S066_001_00000007, sad, 0.4509782999957679
S066_001_00000008, sad, 0.400487199993222
S066_001_00000009, sad, 0.4437748000054853
S066_002_00000020, surprise, 0.40208200000051875
S066_002_00000021, surprise, 0.4210988999984693
S066_002_00000022, surprise, 0.40883640000538435
S066_003_00000010, happy, 0.39930350000213366
S066_003_00000011, happy, 0.42969769999035634
S066_003_00000012, happy, 0.4014231000037398
S066_004_00000008, sad, 0.43480190000263974
S066_004_00000009, sad, 0.41734030000225175
S066_004_00000010, sad, 0.39432140000280924
S066_005_00000009, angry, 0.4376786000066204
S066_005_00000010, angry, 0.3931455999991158
S066_005_00000011, angry, 0.43357550000655465
S067_001_00000019, surprise, 0.38932389998808503
S067_001_00000020, surprise, 0.4003675999992993
S067_001_00000021, surprise, 0.41914560001168866
S067_002_00000012, surprise, 0.39889140000741463
S067_002_00000013, surprise, 0.4298643000074662
S067_002_00000014, surprise, 0.4146343999891542
S067_003_00000016, fear, 0.4003006999992067
S067_003_00000017, fear, 0.40050519999931566
S067_003_00000018, fear, 0.38368690000788774
S067_004_00000021, angry, 0.4241221999982372
S067_004_00000022, angry, 0.39885479999065865
S067_004_00000023, angry, 0.4076558000087971
S067_005_00000020, surprise, 0.3963032000028761
S067_005_00000021, surprise, 0.3884648999955971
S067_005_00000022, surprise, 0.42583599999488797
S067_006_00000009, disgust, 0.3888458000001265
S067_006_00000010, disgust, 0.4173549999977695
S067_006_00000011, disgust, 0.3861873999994714
S068_001_00000022, surprise, 0.38233629999740515
S068_001_00000023, surprise, 0.4352663999889046
S068_001_00000024, surprise, 0.5215673000056995
S068_002_00000013, happy, 0.43906040000729263
S068_002_00000014, happy, 0.3906233000016073
S068_002_00000015, happy, 0.3964371000038227
S068_003_00000012, surprise, 0.4096726999996463
S068_003_00000013, surprise, 0.39960429999337066
S068_003_00000014, surprise, 0.4337820999935502
S068_004_00000008, sad, 0.393308500002604
S068_004_00000009, sad, 0.39965530000336
S068_004_00000010, sad, 0.40300639999622945
S068_005_00000019, disgust, 0.4118404999899212
S068_005_00000020, disgust, 0.42742760000692215
S068_005_00000021, disgust, 0.3891875999979675
S069_001_00000016, sad, 0.40968789999897126
S069_001_00000017, sad, 0.39045679999981076
S069_001_00000018, sad, 0.3928410999942571
S069_002_00000012, surprise, 0.4180585000140127
S069_002_00000013, surprise, 0.3848011000081897
S069_002_00000014, surprise, 0.4179315000073984
S069_003_00000009, disgust, 0.4167419000004884
S069_003_00000010, disgust, 0.39207339999848045
S069_003_00000011, disgust, 0.4295999000023585
S069_004_00000015, happy, 0.39515129999199416
S069_004_00000016, happy, 0.4262031000107527
S069_004_00000017, happy, 0.3874628999910783
S069_005_00000021, neutral, 0.4121697999944445
S069_005_00000022, disgust, 0.4045784000045387
S069_005_00000023, disgust, 0.38133299999753945
S070_001_00000018, surprise, 0.444753200004925
S070_001_00000019, surprise, 0.39826089999405667
S070_001_00000020, surprise, 0.44086100001004525
S070_002_00000014, surprise, 0.40959829998610076
S070_002_00000015, surprise, 0.4040887000010116
S070_002_00000016, surprise, 0.45139109999581706
S070_003_00000015, happy, 0.4021350999973947
S070_003_00000016, happy, 0.461089099990204
S070_003_00000017, happy, 0.40080780000425875
S070_005_00000014, disgust, 0.4155054000002565
S070_005_00000015, disgust, 0.43492490000789985
S070_005_00000016, disgust, 0.3982939000125043
S071_001_00000011, surprise, 0.460402000011527
S071_001_00000012, surprise, 0.3955196999886539
S071_001_00000013, surprise, 0.44202519999817014
S071_002_00000018, sad, 0.5224049999960698
S071_002_00000019, sad, 0.411327199995867
S071_002_00000020, sad, 0.41345180000644177
S071_003_00000020, angry, 0.4035738000093261
S071_003_00000021, angry, 0.4296234999928856
S071_003_00000022, angry, 0.42185199999948964
S071_004_00000026, angry, 0.42677780000667553
S071_004_00000027, angry, 0.40635680001287255
S071_004_00000028, angry, 0.4265810000069905
S071_005_00000019, happy, 0.4264408999879379
S071_005_00000020, happy, 0.40727690000494476
S071_005_00000021, happy, 0.45719370000006165
S071_006_00000012, disgust, 0.4184652999974787
S071_006_00000013, disgust, 0.43315710000752006
S071_006_00000014, disgust, 0.4242352999863215
S072_001_00000015, neutral, 0.4043997000117088
S072_001_00000016, neutral, 0.42740970000158995
S072_001_00000017, neutral, 0.3981723999895621
S072_002_00000014, neutral, 0.4379947999987053
S072_002_00000015, neutral, 0.38942279999901075
S072_002_00000016, neutral, 0.4097200999967754
S072_003_00000011, surprise, 0.4130855999974301
S072_003_00000012, surprise, 0.39076290000230074
S072_003_00000013, surprise, 0.44719019999320153
S072_004_00000006, surprise, 0.3806853999994928
S072_004_00000007, surprise, 0.43283240000891965
S072_004_00000008, angry, 0.38945099999546073
S072_005_00000017, angry, 0.3933764999965206
S072_005_00000018, angry, 0.4453771999978926
S072_005_00000019, angry, 0.3997959999978775
S072_006_00000020, happy, 0.44280810000782367
S072_006_00000021, happy, 0.4081746000010753
S072_006_00000022, happy, 0.4064441000082297
S073_001_00000011, surprise, 0.4298333000042476
S073_001_00000012, surprise, 0.40281829999003094
S073_001_00000013, surprise, 0.4395368999976199
S073_002_00000027, happy, 0.3964243000082206
S073_002_00000028, happy, 0.4166867000021739
S073_002_00000029, happy, 0.40169679999235086
S073_003_00000026, neutral, 0.39810649999708403
S073_003_00000027, neutral, 0.4270496999961324
S073_003_00000028, neutral, 0.39911519999441225
S073_004_00000012, neutral, 0.43638250000367407
S073_004_00000013, neutral, 0.39694999999483116
S073_004_00000014, neutral, 0.4015493000042625
S073_005_00000019, happy, 0.445078899996588
S073_005_00000020, happy, 0.40542249999998603
S073_005_00000021, happy, 0.4513254000048619
S073_006_00000012, angry, 0.39199740000185557
S073_006_00000013, angry, 0.4068955999973696
S073_006_00000014, angry, 0.41175729999667965
S074_001_00000018, surprise, 0.39676210000470746
S074_001_00000019, surprise, 0.4339146999991499
S074_001_00000020, surprise, 0.3952848000044469
S074_002_00000014, surprise, 0.43048120000457857
S074_002_00000015, surprise, 0.400189699998009
S074_002_00000016, surprise, 0.3943142999924021
S074_003_00000013, surprise, 0.43294550001155585
S074_003_00000014, surprise, 0.3938019000052009
S074_003_00000015, surprise, 0.44037260000186507
S074_004_00000016, disgust, 0.3964764999982435
S074_004_00000017, disgust, 0.401216199999908
S074_004_00000018, neutral, 0.42332179998629726
S074_005_00000041, happy, 0.4026824000029592
S074_005_00000042, happy, 0.417075899997144
S074_005_00000043, happy, 0.39055769999686163
S075_001_00000011, surprise, 0.4048085000104038
S075_001_00000012, surprise, 0.4154564000054961
S075_001_00000013, surprise, 0.39335009999922477
S075_002_00000012, surprise, 0.4261285999964457
S075_002_00000013, surprise, 0.3963741000043228
S075_002_00000014, surprise, 0.4110041999956593
S075_003_00000002, neutral, 0.4116101000108756
S075_003_00000003, neutral, 0.3922437000001082
S075_003_00000004, neutral, 0.4417488000035519
S075_004_00000010, neutral, 0.4129784999968251
S075_004_00000011, neutral, 0.4393543000041973
S075_004_00000012, neutral, 0.4099234000022989
S075_005_00000010, disgust, 0.3790160000062315
S075_005_00000011, disgust, 0.4166022999997949
S075_005_00000012, disgust, 0.3906797999952687
S075_006_00000023, happy, 0.4286920000013197
S075_006_00000024, happy, 0.40112239999871235
S075_006_00000025, happy, 0.5383457999996608
S075_007_00000020, surprise, 0.4032000000006519
S075_007_00000021, surprise, 0.3883864999952493
S075_007_00000022, surprise, 0.41681369999423623
S075_008_00000010, neutral, 0.3892508999997517
S075_008_00000011, neutral, 0.42443890000868123
S075_008_00000012, neutral, 0.39683170001080725
S076_001_00000015, surprise, 0.4048487000109162
S076_001_00000016, surprise, 0.44122219999553636
S076_001_00000017, surprise, 0.4119206000032136
S076_002_00000007, neutral, 0.445185999997193
S076_002_00000008, neutral, 0.4106799000001047
S076_002_00000009, neutral, 0.4264229999971576
S076_003_00000016, sad, 0.4514708999922732
S076_003_00000017, sad, 0.4072910000104457
S076_003_00000018, sad, 0.4390837999962969
S076_004_00000007, neutral, 0.4148255999898538
S076_004_00000008, neutral, 0.4642591000010725
S076_004_00000009, fear, 0.4077075999957742
S076_005_00000010, disgust, 0.4173402000014903
S076_005_00000011, disgust, 0.4146069999987958
S076_005_00000012, disgust, 0.4187547000037739
S076_006_00000017, happy, 0.437217700004112
S076_006_00000018, happy, 0.40643350000027567
S076_006_00000019, happy, 0.4316834000055678
S077_001_00000026, surprise, 0.3979907000029925
S077_001_00000027, surprise, 0.4181932999927085
S077_001_00000028, surprise, 0.449485499993898
S077_002_00000031, happy, 0.3861733999947319
S077_002_00000032, surprise, 0.43151020001096185
S077_002_00000033, happy, 0.4091216000088025
S077_003_00000009, neutral, 0.4317897000000812
S077_003_00000010, sad, 0.40404200000921264
S077_003_00000011, sad, 0.41671030000725295
S077_004_00000006, neutral, 0.44584820000454783
S077_004_00000007, neutral, 0.4077010000037262
S077_004_00000008, surprise, 0.4561950000061188
S077_005_00000018, surprise, 0.40258800001174677
S077_005_00000019, happy, 0.42571650000172667
S077_005_00000020, happy, 0.42454649999854155
S077_006_00000012, disgust, 0.40737660000741016
S077_006_00000013, disgust, 0.4146736999973655
S077_006_00000014, disgust, 0.4062198999890825
S077_007_00000027, neutral, 0.425640100002056
S077_007_00000028, neutral, 0.38866979999875184
S077_007_00000029, neutral, 0.38475309999193996
S078_001_00000031, surprise, 0.42825680000532884
S078_001_00000032, surprise, 0.38583179999841377
S078_001_00000033, surprise, 0.4293354000110412
S078_002_00000015, sad, 0.3965246999869123
S078_002_00000016, sad, 0.38968010000826325
S078_002_00000017, sad, 0.4199589000054402
S078_003_00000017, fear, 0.3913662000122713
S078_003_00000018, fear, 0.4447972000052687
S078_003_00000019, fear, 0.4022786999994423
S078_004_00000025, happy, 0.3927496000105748
S078_004_00000026, happy, 0.4163304999965476
S078_004_00000027, happy, 0.382283600003575
S078_005_00000020, neutral, 0.4269168000028003
S078_005_00000021, neutral, 0.39598169999953825
S078_005_00000022, neutral, 0.4067988000024343
S078_006_00000018, neutral, 0.40169320000859443
S078_006_00000019, neutral, 0.4209800999960862
S078_006_00000020, neutral, 0.4294872999889776
S078_007_00000011, disgust, 0.38438470000983216
S078_007_00000012, disgust, 0.4005328999919584
S078_007_00000013, disgust, 0.40862050000578165
S079_001_00000010, surprise, 0.392209500001627
S079_001_00000011, surprise, 0.42175850000057835
S079_001_00000012, surprise, 0.401342700002715
S079_002_00000010, disgust, 0.4354472000122769
S079_002_00000011, disgust, 0.41479390001040883
S079_002_00000012, disgust, 0.4079301000019768
S079_003_00000014, surprise, 0.4394369999936316
S079_003_00000015, surprise, 0.39064260000304785
S079_003_00000016, happy, 0.44996979999996256
S079_004_00000024, happy, 0.4156868999998551
S079_004_00000025, happy, 0.4132037999952445
S079_004_00000026, happy, 0.40889819999574684
S080_001_00000016, fear, 0.39555459999246523
S080_001_00000017, fear, 0.44298110000090674
S080_001_00000018, fear, 0.39847240000381134
S080_002_00000011, happy, 0.42412440000043716
S080_002_00000012, happy, 0.40912850000313483
S080_002_00000013, happy, 0.38983359999838285
S080_003_00000008, neutral, 0.43085380000411533
S080_003_00000009, neutral, 0.39771509999991395
S080_003_00000010, neutral, 0.4337671999965096
S080_004_00000012, happy, 0.4060361000010744
S080_004_00000013, happy, 0.41136589999950957
S080_004_00000014, happy, 0.42024019999371376
S080_005_00000011, sad, 0.40755730000091717
S080_005_00000012, sad, 0.4470677999925101
S080_005_00000013, sad, 0.40759190000244416
S080_008_00000007, disgust, 0.4190810000000056
S080_008_00000008, disgust, 0.406892400002107
S080_008_00000009, disgust, 0.4001797999953851
S081_001_00000017, surprise, 0.4351654000056442
S081_001_00000018, surprise, 0.40128559998993296
S081_001_00000019, surprise, 0.43519810000725556
S081_002_00000022, sad, 0.39355960000830237
S081_002_00000023, sad, 0.4017399000003934
S081_002_00000024, sad, 0.4505609999905573
S081_003_00000023, sad, 0.41115919999720063
S081_003_00000024, sad, 0.4572159999952419
S081_003_00000025, sad, 0.397299699994619
S081_004_00000013, surprise, 0.4329453999962425
S081_004_00000014, surprise, 0.41453949999413453
S081_004_00000015, surprise, 0.4083597999997437
S081_005_00000017, happy, 0.4577968000085093
S081_005_00000018, happy, 0.40436380000028294
S081_005_00000019, happy, 0.4357339999987744
S081_008_00000009, disgust, 0.41145280000637285
S081_008_00000010, disgust, 0.41466789999685716
S081_008_00000011, disgust, 0.4215483000007225
S082_001_00000013, surprise, 0.4003036000067368
S082_001_00000014, surprise, 0.4461608999990858
S082_001_00000015, surprise, 0.3924628999957349
S082_002_00000023, sad, 0.43500650000351015
S082_002_00000024, sad, 0.42015010000613984
S082_002_00000025, sad, 0.40934099999140017
S082_003_00000016, neutral, 0.4375900000013644
S082_003_00000017, neutral, 0.4108987000072375
S082_003_00000018, neutral, 0.4333944999962114
S082_004_00000011, surprise, 0.4037420000095153
S082_004_00000012, surprise, 0.4259572000009939
S082_004_00000013, surprise, 0.41177109999989625
S082_005_00000015, angry, 0.40767469999263994
S082_005_00000016, angry, 0.4290653000061866
S082_005_00000017, angry, 0.4046315000014147
S082_006_00000019, angry, 0.43633549999503884
S082_006_00000020, angry, 0.4353831999906106
S082_006_00000021, angry, 0.5408131000003777
S082_007_00000008, angry, 0.5580906999966828
S082_007_00000009, angry, 0.4304412999917986
S082_007_00000010, angry, 0.39318009999988135
S083_001_00000016, neutral, 0.40672949999861885
S083_001_00000017, neutral, 0.42427969998971093
S083_001_00000018, neutral, 0.42367570000351407
S083_002_00000010, surprise, 0.4272956999921007
S083_002_00000011, surprise, 0.4062069000065094
S083_002_00000012, surprise, 0.4180257999978494
S083_003_00000017, happy, 0.4091430999978911
S083_003_00000018, happy, 0.39542480000818614
S083_003_00000019, happy, 0.4417860999965342
S083_004_00000008, surprise, 0.4165709999942919
S083_004_00000009, surprise, 0.4432498999958625
S083_004_00000010, happy, 0.4104324999934761
S084_001_00000008, surprise, 0.3881334000034258
S084_001_00000009, surprise, 0.4326696000061929
S084_001_00000010, fear, 0.38210869999602437
S084_002_00000021, sad, 0.4338075999985449
S084_002_00000022, sad, 0.3879249999881722
S084_002_00000023, sad, 0.38536159999785013
S084_004_00000015, angry, 0.4283703999972204
S084_004_00000016, angry, 0.3936967000045115
S084_004_00000017, angry, 0.42301709999446757
S085_001_00000015, sad, 0.3998194000014337
S085_001_00000016, sad, 0.411195000007865
S085_001_00000017, sad, 0.42138189999968745
S085_002_00000012, happy, 0.3943857999984175
S085_002_00000013, happy, 0.44748459999391343
S085_002_00000014, happy, 0.3927611999970395
S085_003_00000011, surprise, 0.4259351999935461
S085_003_00000012, surprise, 0.4161542000074405
S085_003_00000013, surprise, 0.40832860000955407
S085_004_00000015, disgust, 0.41997809999156743
S085_004_00000016, disgust, 0.38910329999634996
S085_004_00000017, disgust, 0.4280421000003116
S086_001_00000017, surprise, 0.38652810000348836
S086_001_00000018, fear, 0.4018052000028547
S086_001_00000019, fear, 0.4302752000075998
S086_002_00000013, happy, 0.38506450000568293
S086_002_00000014, happy, 0.42700630000035744
S086_002_00000015, happy, 0.40603959999862127
S087_001_00000009, fear, 0.4106043999927351
S087_001_00000010, fear, 0.42542550001235213
S087_001_00000011, fear, 0.4006952000054298
S087_002_00000018, sad, 0.4379255999956513
S087_002_00000019, sad, 0.3984715000115102
S087_002_00000020, sad, 0.4176819999993313
S087_003_00000011, surprise, 0.4533903999981703
S087_003_00000012, surprise, 0.3893515999952797
S087_003_00000013, surprise, 0.4309812999999849
S087_004_00000010, disgust, 0.4305001999891829
S087_004_00000011, disgust, 0.4349683000036748
S087_004_00000012, disgust, 0.3986344000004465
S087_005_00000010, happy, 0.4388959000061732
S087_005_00000011, happy, 0.4008268999896245
S087_005_00000012, happy, 0.3983568999974523
S087_006_00000010, sad, 0.4397160999942571
S087_006_00000011, sad, 0.40356390000670217
S087_006_00000012, sad, 0.417199299990898
S087_007_00000014, angry, 0.3964466000034008
S087_007_00000015, angry, 0.40982509999594186
S087_007_00000016, angry, 0.41469750000396743
S088_001_00000015, surprise, 0.4069605999975465
S088_001_00000016, surprise, 0.44162969999888446
S088_001_00000017, surprise, 0.4000296000012895
S088_002_00000015, surprise, 0.39999940000416245
S088_002_00000016, happy, 0.4220878000051016
S088_002_00000017, happy, 0.4011037000018405
S088_003_00000016, surprise, 0.4308233000047039
S088_003_00000017, surprise, 0.39087230000586715
S088_003_00000018, surprise, 0.4467714999918826
S088_004_00000018, disgust, 0.41414520000398625
S088_004_00000019, disgust, 0.4056359000096563
S088_004_00000020, disgust, 0.43597269999736454
S089_001_00000014, surprise, 0.3904720999998972
S089_001_00000015, surprise, 0.4404069000011077
S089_001_00000016, surprise, 0.3928338999976404
S089_002_00000019, happy, 0.4152336999977706
S089_002_00000020, happy, 0.41007929999614134
S089_002_00000021, happy, 0.39419659999839496
S089_003_00000034, angry, 0.4288555999955861
S089_003_00000035, angry, 0.39229940000222996
S089_003_00000036, angry, 0.4055116999952588
S090_002_00000009, surprise, 0.43687340000178665
S090_002_00000010, surprise, 0.40106390000437386
S090_002_00000011, surprise, 0.43824589998985175
S090_006_00000009, disgust, 0.4128204999869922
S090_006_00000010, disgust, 0.4593089999980293
S090_006_00000011, disgust, 0.3957197999989148
S090_007_00000012, angry, 0.4126416000071913
S090_007_00000013, angry, 0.42036609999195207
S090_007_00000014, angry, 0.40912090000347234
S091_001_00000013, fear, 0.41478219999407884
S091_001_00000014, fear, 0.417929200004437
S091_001_00000015, fear, 0.40683580000768416
S091_002_00000005, neutral, 0.4081836999976076
S091_002_00000006, neutral, 0.4157434000080684
S091_002_00000007, neutral, 0.4289111999969464
S091_003_00000019, happy, 0.3982906000019284
S091_003_00000020, happy, 0.4369847000052687
S091_003_00000021, happy, 0.3891449999937322
S092_001_00000015, surprise, 0.40569340001093224
S092_001_00000016, surprise, 0.41843299999891315
S092_001_00000017, surprise, 0.3951459999952931
S092_002_00000009, neutral, 0.4290413999988232
S092_002_00000010, neutral, 0.3965438000013819
S092_002_00000011, neutral, 0.4131941000086954
S092_003_00000012, angry, 0.4206642000062857
S092_003_00000013, angry, 0.39478269999381155
S092_003_00000014, angry, 0.4382515000033891
S092_004_00000022, happy, 0.3975800000043819
S092_004_00000023, happy, 0.4045960999937961
S092_004_00000024, happy, 0.4167514000000665
S093_001_00000018, sad, 0.3821368000062648
S093_001_00000019, sad, 0.4379064000095241
S093_001_00000020, sad, 0.3945196999993641
S093_002_00000022, sad, 0.4182956999866292
S093_002_00000023, sad, 0.40040939999744296
S093_002_00000024, sad, 0.39091370000096504
S093_003_00000010, neutral, 0.4257101000112016
S093_003_00000011, surprise, 0.391595100008999
S093_003_00000012, neutral, 0.4381683000101475
S093_004_00000014, happy, 0.3905776000028709
S093_004_00000015, happy, 0.3855747999914456
S093_004_00000016, happy, 0.41494909999892116
S094_001_00000008, surprise, 0.3912627999961842
S094_001_00000009, surprise, 0.4319385999988299
S094_001_00000010, surprise, 0.38649780000559986
S094_003_00000011, neutral, 0.38467109999328386
S094_003_00000012, neutral, 0.4242536999954609
S094_003_00000013, neutral, 0.39486430000397377
S094_004_00000010, happy, 0.43317790000583045
S094_004_00000011, happy, 0.38822710000385996
S094_004_00000012, happy, 0.41468049999093637
S095_001_00000014, surprise, 0.43203369999537244
S095_001_00000015, surprise, 0.3964239000051748
S095_001_00000016, surprise, 0.43556339999486227
S095_002_00000013, sad, 0.39342649999889545
S095_002_00000014, sad, 0.4219876999995904
S095_002_00000015, sad, 0.4175108000054024
S095_003_00000009, neutral, 0.40024950000224635
S095_003_00000010, neutral, 0.44720629999937955
S095_003_00000011, neutral, 0.38506699999561533
S095_004_00000012, neutral, 0.46573380001063924
S095_004_00000013, neutral, 0.38326870001037605
S095_004_00000014, neutral, 0.3948664000054123
S095_005_00000014, surprise, 0.429991599987261
S095_005_00000015, surprise, 0.3980788000044413
S095_005_00000016, surprise, 0.428277099999832
S095_006_00000011, disgust, 0.3935166000010213
S095_006_00000012, disgust, 0.3960034000047017
S095_006_00000013, disgust, 0.4140359000011813
S095_007_00000019, happy, 0.39862199999333825
S095_007_00000020, happy, 0.4500536999985343
S095_007_00000021, happy, 0.3886015000025509
S095_010_00000012, sad, 0.4101968000031775
S095_010_00000013, sad, 0.40762110000650864
S095_010_00000014, sad, 0.3866453999944497
S096_001_00000005, surprise, 0.4290791000094032
S096_001_00000006, surprise, 0.39699649999965914
S096_001_00000007, surprise, 0.42052430000330787
S096_002_00000004, neutral, 0.397675000000163
S096_002_00000005, surprise, 0.4026541999919573
S096_002_00000006, surprise, 0.42743089998839423
S096_003_00000010, disgust, 0.40863550000358373
S096_003_00000011, disgust, 0.43497289999504574
S096_003_00000012, disgust, 0.4081026999920141
S096_004_00000009, happy, 0.4036688999913167
S096_004_00000010, happy, 0.41406510000524577
S096_004_00000011, happy, 0.39422689999628346
S097_001_00000019, surprise, 0.4223554999916814
S097_001_00000020, surprise, 0.3916064999939408
S097_001_00000021, surprise, 0.4048380000022007
S097_002_00000007, surprise, 0.42052610000246204
S097_002_00000008, neutral, 0.3995920000015758
S097_002_00000009, neutral, 0.44165009999414906
S097_003_00000051, surprise, 0.4093449999927543
S097_003_00000052, angry, 0.4144306999951368
S097_003_00000053, surprise, 0.4014225999999326
S097_004_00000028, disgust, 0.3966724000056274
S097_004_00000029, disgust, 0.42846819999977015
S097_004_00000030, disgust, 0.3847332000004826
S097_005_00000008, disgust, 0.455252500003553
S097_005_00000009, disgust, 0.3930179000017233
S097_005_00000010, angry, 0.3847890000033658
S097_006_00000017, happy, 0.4216405999904964
S097_006_00000018, happy, 0.4016176000004634
S097_006_00000019, happy, 0.4179188999987673
S098_001_00000026, neutral, 0.38712590000068303
S098_001_00000027, neutral, 0.4013401999982307
S098_001_00000028, neutral, 0.41114850000303704
S098_002_00000008, surprise, 0.3964012999931583
S098_002_00000009, surprise, 0.41700200000195764
S098_002_00000010, surprise, 0.42317090000142343
S098_003_00000011, disgust, 0.4162332999985665
S098_003_00000012, disgust, 0.398643099993933
S098_003_00000013, angry, 0.39501550000568386
S098_004_00000013, happy, 0.42491919999883976
S098_004_00000014, happy, 0.3964545999915572
S098_004_00000015, happy, 0.40900759999931324
S099_001_00000012, surprise, 0.4577147999953013
S099_001_00000013, surprise, 0.3871078999945894
S099_001_00000014, surprise, 0.4211478000070201
S099_002_00000018, fear, 0.4001632999861613
S099_002_00000019, fear, 0.43667130000540055
S099_002_00000020, fear, 0.3881890999909956
S099_003_00000012, surprise, 0.44411729999410454
S099_003_00000013, surprise, 0.42011960000672843
S099_003_00000014, surprise, 0.4007332999899518
S099_004_00000013, happy, 0.4251289999956498
S099_004_00000014, happy, 0.3975522000109777
S099_004_00000015, happy, 0.4043837000062922
S099_007_00000010, disgust, 0.40980550000676885
S099_007_00000011, disgust, 0.4078527999954531
S099_007_00000012, disgust, 0.43290100000740495
S100_001_00000012, surprise, 0.39620339999964926
S100_001_00000013, surprise, 0.42965900000126567
S100_001_00000014, surprise, 0.401390300001367
S100_002_00000013, surprise, 0.3941733999963617
S100_002_00000014, surprise, 0.43113009999797214
S100_002_00000015, surprise, 0.38861520000500605
S100_003_00000011, neutral, 0.4358965999999782
S100_003_00000012, neutral, 0.3931324000004679
S100_003_00000013, neutral, 0.42117960000177845
S100_004_00000003, neutral, 0.4103467999957502
S100_004_00000004, neutral, 0.3862185000034515
S100_004_00000005, neutral, 0.4198759999999311
S100_005_00000021, angry, 0.3922739999979967
S100_005_00000022, angry, 0.3994073999929242
S100_005_00000023, angry, 0.40958340000361204
S100_006_00000014, happy, 0.39173390000360087
S100_006_00000015, happy, 0.420492799996282
S100_006_00000016, happy, 0.3960071000037715
S101_001_00000015, surprise, 0.42331229998671915
S101_001_00000016, surprise, 0.41466190000937786
S101_001_00000017, surprise, 0.3922910999972373
S101_002_00000017, surprise, 0.43413010000949726
S101_002_00000018, surprise, 0.4000540999986697
S101_002_00000019, surprise, 0.41393629999947734
S101_003_00000023, angry, 0.39709600000060163
S101_003_00000024, angry, 0.3924211999983527
S101_003_00000025, angry, 0.4189198999956716
S101_004_00000016, happy, 0.39345619999221526
S101_004_00000017, happy, 0.4377287000097567
S101_004_00000018, happy, 0.40130039998621214
S101_005_00000004, surprise, 0.39278789999661967
S101_005_00000005, surprise, 0.410264999998617
S101_005_00000006, surprise, 0.3924057999975048
S102_001_00000014, happy, 0.44411899999249727
S102_001_00000015, happy, 0.3915329000010388
S102_001_00000016, happy, 0.4313938999985112
S102_002_00000016, surprise, 0.41192579999915324
S102_002_00000017, surprise, 0.39522269999724813
S102_002_00000018, surprise, 0.4223725000047125
S102_003_00000014, sad, 0.3931414999970002
S102_003_00000015, sad, 0.4030875000025844
S102_003_00000016, sad, 0.404352800003835
S102_004_00000021, happy, 0.41067610000027344
S102_004_00000022, happy, 0.44094690000929404
S102_004_00000023, fear, 0.39248970001062844
S102_005_00000007, sad, 0.4157597000012174
S102_005_00000008, neutral, 0.41510280000511557
S102_005_00000009, fear, 0.4023560999921756
S102_006_00000013, sad, 0.43724749999819323
S102_006_00000014, sad, 0.40428450000763405
S102_006_00000015, neutral, 0.42067980000865646
S102_007_00000013, neutral, 0.3982098000124097
S102_007_00000014, neutral, 0.40822949999710545
S102_007_00000015, neutral, 0.4309932000032859
S102_008_00000027, surprise, 0.39436279999790713
S102_008_00000028, surprise, 0.45056909999402706
S102_008_00000029, surprise, 0.4018082999973558
S102_009_00000013, neutral, 0.4133375000092201
S102_009_00000014, neutral, 0.4205896999919787
S102_009_00000015, neutral, 0.3935459000058472
S103_001_00000014, surprise, 0.43006169999716803
S103_001_00000015, surprise, 0.41273689999070484
S103_001_00000016, surprise, 0.43648400000529364
S103_002_00000024, neutral, 0.3961698999919463
S103_002_00000025, neutral, 0.416218200000003
S103_002_00000026, neutral, 0.430439200004912
S103_003_00000022, neutral, 0.3911750999977812
S103_003_00000023, neutral, 0.4415110999980243
S103_003_00000024, neutral, 0.41938890000164974
S103_006_00000014, neutral, 0.4225760999979684
S103_006_00000015, neutral, 0.4296260999981314
S103_006_00000016, neutral, 0.39943920000223443
S103_007_00000021, surprise, 0.41451420000521466
S103_007_00000022, neutral, 0.3929455000034068
S103_007_00000023, neutral, 0.4460918999975547
S103_008_00000013, angry, 0.3922197000065353
S103_008_00000014, angry, 0.42607529999804683
S103_008_00000015, angry, 0.4167992000002414
S104_001_00000026, happy, 0.4083902999991551
S104_001_00000027, happy, 0.429149999996298
S104_001_00000028, happy, 0.3950180000101682
S104_002_00000021, surprise, 0.419890299992403
S104_002_00000022, happy, 0.4148970999958692
S104_002_00000023, happy, 0.38615679999929853
S104_003_00000010, surprise, 0.44895079999696463
S104_003_00000011, surprise, 0.3908757000026526
S104_003_00000012, surprise, 0.4314313999930164
S105_001_00000012, sad, 0.3867778999992879
S105_001_00000013, sad, 0.395029200008139
S105_001_00000014, surprise, 0.4292365000001155
S105_002_00000022, sad, 0.40200149999873247
S105_002_00000023, sad, 0.42621380000491627
S105_002_00000024, neutral, 0.3999955999897793
S105_003_00000020, happy, 0.4136890000081621
S105_003_00000021, happy, 0.4152353999961633
S105_003_00000022, happy, 0.3929368999961298
S105_004_00000025, happy, 0.45140609999361914
S105_004_00000026, happy, 0.38885770000342745
S105_004_00000027, happy, 0.391728399990825
S105_005_00000010, neutral, 0.42486669999198057
S105_005_00000011, neutral, 0.40156569999817293
S105_005_00000012, neutral, 0.4335214000020642
S105_006_00000019, surprise, 0.39995189999172
S105_006_00000020, surprise, 0.42055140000593383
S105_006_00000021, surprise, 0.39517000000341795
S105_007_00000028, disgust, 0.396638600010192
S105_007_00000029, disgust, 0.42113569998764433
S105_007_00000030, disgust, 0.38359690000652336
S105_008_00000008, disgust, 0.41506590000062715
S105_008_00000009, disgust, 0.40947790000063833
S105_008_00000010, disgust, 0.39342509998823516
S106_001_00000016, surprise, 0.4471256999968318
S106_001_00000017, surprise, 0.40154220000840724
S106_001_00000018, surprise, 0.4331491999910213
S106_002_00000014, sad, 0.40375919999496546
S106_002_00000015, sad, 0.41974820000177715
S106_002_00000016, sad, 0.4099350000033155
S106_003_00000010, neutral, 0.39701529999729246
S106_003_00000011, neutral, 0.4432323999935761
S106_003_00000012, neutral, 0.3969562999991467
S106_004_00000006, disgust, 0.4093170999985887
S106_004_00000007, disgust, 0.3995725999993738
S106_004_00000008, disgust, 0.4000196999986656
S106_005_00000033, angry, 0.4321756999997888
S106_005_00000034, angry, 0.4012220000004163
S106_005_00000035, angry, 0.41913530000601895
S106_006_00000009, happy, 0.39501179999206215
S106_006_00000010, happy, 0.39820910000707954
S106_006_00000011, happy, 0.4264155000128085
S106_007_00000014, happy, 0.39812979999987874
S106_007_00000015, happy, 0.42468579999695066
S106_007_00000016, happy, 0.39556839999568183
S107_001_00000008, surprise, 0.39347429999907035
S107_001_00000009, surprise, 0.45172769999771845
S107_001_00000010, surprise, 0.39279050000186544
S107_002_00000015, happy, 0.4269800000038231
S107_002_00000016, happy, 0.3883895000035409
S107_002_00000017, happy, 0.40443840000079945
S107_003_00000019, surprise, 0.41080430000147317
S107_003_00000020, surprise, 0.3917458999931114
S107_003_00000021, surprise, 0.4391648000018904
S107_004_00000009, happy, 0.39527340000495315
S107_004_00000010, happy, 0.4171572999912314
S107_004_00000011, surprise, 0.40799939999124035
S107_005_00000009, disgust, 0.39686759999312926
S107_005_00000010, disgust, 0.43995790000190027
S107_005_00000011, disgust, 0.3927876999950968
S107_006_00000007, sad, 0.4111241000064183
S107_006_00000008, sad, 0.40386730000318494
S107_006_00000009, sad, 0.3971973000006983
S108_002_00000015, neutral, 0.44930500000191387
S108_002_00000016, neutral, 0.4332076999999117
S108_002_00000017, neutral, 0.4427929999947082
S108_003_00000013, surprise, 0.4207192999892868
S108_003_00000014, sad, 0.46665020000364166
S108_003_00000015, surprise, 0.40930340001068544
S108_004_00000017, surprise, 0.41088710000622086
S108_004_00000018, surprise, 0.45798330000252463
S108_004_00000019, surprise, 0.40685129999474157
S108_005_00000020, sad, 0.444041599999764
S108_005_00000021, sad, 0.41767260000051465
S108_005_00000022, sad, 0.4408980000007432
S108_006_00000018, disgust, 0.42035470000701025
S108_006_00000019, disgust, 0.44132539999554865
S108_006_00000020, disgust, 0.4392950000037672
S108_007_00000006, sad, 0.41225809999741614
S108_007_00000007, sad, 0.45554619999893475
S108_007_00000008, sad, 0.4114034999947762
S108_008_00000011, happy, 0.44218260000343435
S108_008_00000012, happy, 0.41554319999704603
S108_008_00000013, happy, 0.4190593999956036
S109_001_00000019, happy, 0.4407428999984404
S109_001_00000020, happy, 0.402782399993157
S109_001_00000021, neutral, 0.4296159999939846
S109_002_00000005, neutral, 0.3937688000005437
S109_002_00000006, surprise, 0.41323750000447035
S109_002_00000007, surprise, 0.4064423999952851
S109_003_00000015, angry, 0.4052514999930281
S109_003_00000016, angry, 0.4254940999962855
S109_003_00000017, angry, 0.39663370000198483
S109_004_00000011, disgust, 0.41938710000249557
S109_004_00000012, angry, 0.41157039999961853
S109_004_00000013, angry, 0.39427710000018124
S109_005_00000012, disgust, 0.41954059999261517
S109_005_00000013, disgust, 0.39311920000182
S109_005_00000014, disgust, 0.43095829999947455
S109_006_00000013, happy, 0.3923059000080684
S109_006_00000014, happy, 0.38996709999628365
S109_006_00000015, happy, 0.4370192000060342
S110_001_00000011, surprise, 0.3988239999889629
S110_001_00000012, surprise, 0.4507261000107974
S110_001_00000013, surprise, 0.39858799999637995
S110_002_00000021, sad, 0.42112420000194106
S110_002_00000022, sad, 0.41553909999493044
S110_002_00000023, sad, 0.40254330000607297
S110_003_00000011, sad, 0.45386529999086633
S110_003_00000012, sad, 0.40362199999799486
S110_003_00000013, sad, 0.4389535999944201
S110_004_00000007, neutral, 0.3996377000003122
S110_004_00000008, neutral, 0.41151629999512807
S110_004_00000009, neutral, 0.4248393999878317
S110_005_00000022, surprise, 0.40534180001122877
S110_005_00000023, surprise, 0.4415402000013273
S110_005_00000024, surprise, 0.4061135999945691
S110_006_00000025, neutral, 0.43137649999698624
S110_006_00000026, neutral, 0.409067699991283
S110_006_00000027, neutral, 0.40925110000534914
S110_007_00000027, happy, 0.4579704999923706
S110_007_00000028, happy, 0.3834461999940686
S110_007_00000029, happy, 0.4335847000038484
S111_001_00000012, surprise, 0.3926623000006657
S111_001_00000013, surprise, 0.38371229999756906
S111_001_00000014, surprise, 0.4075904999917839
S111_002_00000013, happy, 0.41288959998928476
S111_002_00000014, happy, 0.436453000002075
S111_002_00000015, happy, 0.38449430000036955
S111_003_00000010, happy, 0.39636080000491347
S111_003_00000011, happy, 0.4087308000016492
S111_003_00000012, happy, 0.3947197999950731
S111_004_00000008, neutral, 0.4278360000025714
S111_004_00000009, neutral, 0.397549400004209
S111_004_00000010, neutral, 0.4164373999956297
S111_005_00000009, surprise, 0.39619970000057947
S111_005_00000010, surprise, 0.4072340999991866
S111_005_00000011, surprise, 0.4377064000000246
S111_006_00000008, angry, 0.3872086000046693
S111_006_00000009, angry, 0.412905100005446
S111_006_00000010, angry, 0.3968736999959219
S111_007_00000012, disgust, 0.3826667999965139
S111_007_00000013, disgust, 0.43079410000063945
S111_007_00000014, disgust, 0.3937222000095062
S112_001_00000020, surprise, 0.4175180000020191
S112_001_00000021, surprise, 0.3968966999964323
S112_001_00000022, surprise, 0.40270109999983106
S112_002_00000012, happy, 0.4128926999983378
S112_002_00000013, happy, 0.3914294999995036
S112_002_00000014, happy, 0.4303119000105653
S112_003_00000012, surprise, 0.39732590000494383
S112_003_00000013, neutral, 0.3947298999992199
S112_003_00000014, neutral, 0.4165215000102762
S112_004_00000014, happy, 0.39683090000471566
S112_004_00000015, happy, 0.4373460999922827
S112_004_00000016, happy, 0.38784680000389926
S112_005_00000015, neutral, 0.4009250999952201
S112_005_00000016, angry, 0.427727500005858
S112_005_00000017, neutral, 0.3836846000049263
S113_001_00000010, surprise, 0.43730730000243057
S113_001_00000011, surprise, 0.40076990000670776
S113_001_00000012, surprise, 0.39362470000924077
S113_002_00000017, fear, 0.4219805000029737
S113_002_00000018, fear, 0.4102405000012368
S113_002_00000019, disgust, 0.43629390001296997
S113_003_00000013, neutral, 0.40129730000626296
S113_003_00000014, sad, 0.4419377999874996
S113_003_00000015, sad, 0.3970365999994101
S113_004_00000021, happy, 0.4014783000020543
S113_004_00000022, happy, 0.4229168000019854
S113_004_00000023, happy, 0.40370850000181235
S113_005_00000006, sad, 0.43772610000451095
S113_005_00000007, sad, 0.3964045999891823
S113_005_00000008, sad, 0.4131228000042029
S113_006_00000019, neutral, 0.42467089999991003
S113_006_00000020, neutral, 0.3991613999969559
S113_006_00000021, neutral, 0.4611831000074744
S113_007_00000040, surprise, 0.39540199999464676
S113_007_00000041, surprise, 0.43312539999897126
S113_007_00000042, surprise, 0.40461209999921266
S113_008_00000021, angry, 0.39852719999908004
S113_008_00000022, angry, 0.43387339999026153
S113_008_00000023, angry, 0.4088860000047134
S114_001_00000016, surprise, 0.42628650000551715
S114_001_00000017, surprise, 0.3933516000106465
S114_001_00000018, neutral, 0.40653999999631196
S114_002_00000014, happy, 0.41614609998941887
S114_002_00000015, happy, 0.3901813999982551
S114_002_00000016, happy, 0.433402800001204
S114_003_00000008, neutral, 0.3842540000041481
S114_003_00000009, neutral, 0.42494989999977406
S114_003_00000010, neutral, 0.40109669999219477
S114_004_00000019, neutral, 0.3971518000034848
S114_004_00000020, neutral, 0.4461674000049243
S114_004_00000021, neutral, 0.4023503000062192
S114_005_00000020, surprise, 0.42920619998767506
S114_005_00000021, surprise, 0.39378140000917483
S114_005_00000022, surprise, 0.3968497999885585
S114_006_00000021, happy, 0.41876879999472294
S114_006_00000022, happy, 0.3970862999995006
S114_006_00000023, happy, 0.4474428999965312
S115_001_00000006, surprise, 0.4102068999927724
S115_001_00000007, surprise, 0.42318539999541827
S115_001_00000008, surprise, 0.4305575000034878
S115_002_00000022, angry, 0.40929540000797715
S115_002_00000023, angry, 0.43440490000648424
S115_002_00000024, angry, 0.4182145000086166
S115_003_00000011, surprise, 0.43821870000101626
S115_003_00000012, surprise, 0.40330489999905694
S115_003_00000013, surprise, 0.407892900009756
S115_004_00000015, neutral, 0.44288410000444856
S115_004_00000016, neutral, 0.3996214000071632
S115_004_00000017, neutral, 0.4383254999993369
S115_005_00000013, happy, 0.4128363000054378
S115_005_00000014, happy, 0.4246939000004204
S115_005_00000015, happy, 0.4213825999904657
S115_006_00000015, neutral, 0.4263375000009546
S115_006_00000016, neutral, 0.42078939999919385
S115_006_00000017, neutral, 0.4132279000041308
S115_007_00000021, surprise, 0.44253820000449196
S115_007_00000022, surprise, 0.4199000999942655
S115_007_00000023, surprise, 0.4204906000086339
S115_008_00000015, happy, 0.40679670000099577
S115_008_00000016, happy, 0.41260049999982584
S115_008_00000017, happy, 0.47109930000442546
S116_001_00000012, surprise, 0.398819399997592
S116_001_00000013, surprise, 0.4429180000006454
S116_001_00000014, surprise, 0.3897039000003133
S116_002_00000006, neutral, 0.40733679999539163
S116_002_00000007, happy, 0.4418035999988206
S116_002_00000008, happy, 0.3956170000019483
S116_003_00000002, neutral, 0.46361229999456555
S116_003_00000003, neutral, 0.39482269999280106
S116_003_00000004, neutral, 0.42921750000095926
S116_004_00000013, surprise, 0.4097825000062585
S116_004_00000014, surprise, 0.4245789000124205
S116_004_00000015, surprise, 0.4134084000106668
S116_005_00000015, sad, 0.39830990000336897
S116_005_00000016, sad, 0.43886969999584835
S116_005_00000017, sad, 0.4134778000006918
S116_006_00000005, disgust, 0.43004360000486486
S116_006_00000006, disgust, 0.4177033999876585
S116_006_00000007, disgust, 0.42406190000474453
S116_007_00000015, happy, 0.4369383999874117
S116_007_00000016, happy, 0.39655550000316
S116_007_00000017, happy, 0.4361358000023756
S117_001_00000012, surprise, 0.3923306000069715
S117_001_00000013, surprise, 0.4243416000099387
S117_001_00000014, surprise, 0.440475499999593
S117_002_00000015, sad, 0.3920463000104064
S117_002_00000016, sad, 0.430993000001763
S117_002_00000017, sad, 0.40333289999398403
S117_003_00000012, sad, 0.43431080000300426
S117_003_00000013, sad, 0.42067010000755545
S117_003_00000014, sad, 0.3998849999916274
S117_004_00000009, neutral, 0.4310933000087971
S117_004_00000010, neutral, 0.4096444999886444
S117_004_00000011, neutral, 0.42428669999935664
S117_005_00000011, surprise, 0.4122610999911558
S117_005_00000012, neutral, 0.4025770000007469
S117_005_00000013, surprise, 0.4308141999936197
S117_006_00000008, neutral, 0.40725380000367295
S117_006_00000009, angry, 0.4221417999942787
S117_006_00000010, angry, 0.4069893999985652
S117_007_00000014, happy, 0.4051966999977594
S117_007_00000015, happy, 0.43590330000733957
S117_007_00000016, happy, 0.39082250000501517
S118_001_00000014, fear, 0.4529464000079315
S118_001_00000015, fear, 0.3933770000003278
S118_001_00000016, fear, 0.39926169998943806
S118_002_00000010, happy, 0.42882129999634344
S118_002_00000011, happy, 0.3943695000052685
S118_002_00000012, happy, 0.44257919999654405
S118_003_00000012, neutral, 0.39860179999959655
S118_003_00000013, neutral, 0.43055450000974815
S118_003_00000014, neutral, 0.41001459999824874
S118_004_00000010, disgust, 0.4027053000027081
S118_004_00000011, disgust, 0.42599229999177624
S118_004_00000012, disgust, 0.42683300000499
S118_005_00000024, angry, 0.4528297999931965
S118_005_00000025, angry, 0.40726039999572095
S118_005_00000026, angry, 0.429697200001101
S118_006_00000013, disgust, 0.4027440999925602
S118_006_00000014, disgust, 0.40157339999859687
S118_006_00000015, disgust, 0.4352885999978753
S119_001_00000009, surprise, 0.40060509998875204
S119_001_00000010, surprise, 0.42069339999579825
S119_001_00000011, surprise, 0.3963175999961095
S119_002_00000022, sad, 0.39776680000068154
S119_002_00000023, neutral, 0.431272000001627
S119_002_00000024, neutral, 0.40456489998905454
S119_003_00000022, fear, 0.43548939999891445
S119_003_00000023, fear, 0.38531159999547526
S119_003_00000024, fear, 0.3931672000035178
S119_004_00000012, sad, 0.4210501000052318
S119_004_00000013, sad, 0.4054786999913631
S119_004_00000014, sad, 0.4432572999940021
S119_005_00000015, happy, 0.4047658000054071
S119_005_00000016, happy, 0.4274578000040492
S119_005_00000017, happy, 0.3999029000115115
S119_006_00000014, surprise, 0.4065629999968223
S119_006_00000015, neutral, 0.4371186999924248
S119_006_00000016, neutral, 0.39451940001163166
S119_007_00000012, surprise, 0.44959190000372473
S119_007_00000013, surprise, 0.407305799992173
S119_007_00000014, surprise, 0.42676570000185166
S119_008_00000016, neutral, 0.4302626999997301
S119_008_00000017, neutral, 0.39951160000055097
S119_008_00000018, neutral, 0.4273118999990402
S120_001_00000012, sad, 0.3988213000120595
S120_001_00000013, sad, 0.42891770000278484
S120_001_00000014, sad, 0.430917399993632
S120_002_00000018, sad, 0.4001554999995278
S120_002_00000019, sad, 0.4314470999961486
S120_002_00000020, sad, 0.41093260000343435
S121_001_00000014, neutral, 0.4394359999860171
S121_001_00000015, neutral, 0.3955525000055786
S121_001_00000016, neutral, 0.4436064999899827
S121_002_00000015, neutral, 0.4020472999982303
S121_002_00000016, neutral, 0.3913384999905247
S121_002_00000017, neutral, 0.4365529000060633
S121_003_00000016, surprise, 0.3998231000005035
S121_003_00000017, surprise, 0.4016373000049498
S121_003_00000018, surprise, 0.39940790001128335
S121_004_00000009, neutral, 0.3959123999957228
S121_004_00000010, surprise, 0.42367609999200795
S121_004_00000011, surprise, 0.40363040000374895
S121_005_00000012, surprise, 0.4186333999969065
S121_005_00000013, surprise, 0.40625890000956133
S121_005_00000014, surprise, 0.38794359999883454
S122_001_00000010, surprise, 0.4274042999895755
S122_001_00000011, surprise, 0.40108080000209156
S122_001_00000012, surprise, 0.43856009999581147
S122_002_00000013, disgust, 0.39669639999920037
S122_002_00000014, disgust, 0.4178193999978248
S122_002_00000015, disgust, 0.44953240000177175
S122_004_00000015, neutral, 0.39544540000497364
S122_004_00000016, neutral, 0.43980910000391304
S122_004_00000017, neutral, 0.40028349999920465
S122_005_00000032, surprise, 0.4223218000115594
S122_005_00000033, surprise, 0.40683599999465514
S122_005_00000034, surprise, 0.4091477999900235
S124_001_00000012, fear, 0.41928449999250006
S124_001_00000013, fear, 0.3945495999942068
S124_001_00000014, fear, 0.4462792999984231
S124_002_00000015, sad, 0.40031230000022333
S124_002_00000016, sad, 0.4071532000089064
S124_002_00000017, sad, 0.4201919000042835
S124_003_00000009, sad, 0.39647940000577364
S124_003_00000010, sad, 0.43338970000331756
S124_003_00000011, sad, 0.39358350000111386
S124_004_00000027, happy, 0.4399749000003794
S124_004_00000028, happy, 0.40120190000743605
S124_004_00000029, happy, 0.38780869999027345
S124_005_00000041, neutral, 0.45187169998825993
S124_005_00000042, neutral, 0.4175035000080243
S124_005_00000043, neutral, 0.43782319998717867
S124_006_00000009, disgust, 0.4006383000087226
S124_006_00000010, disgust, 0.39013559999875724
S124_006_00000011, disgust, 0.4191524999914691
S124_007_00000022, happy, 0.38985589999356307
S124_007_00000023, happy, 0.43287940000300296
S124_007_00000024, happy, 0.39005839999299496
S125_001_00000012, sad, 0.4116636999970069
S125_001_00000013, sad, 0.41872720001265407
S125_001_00000014, sad, 0.3969499000086216
S125_002_00000015, happy, 0.43373250000877306
S125_002_00000016, happy, 0.4025161999888951
S125_002_00000017, happy, 0.4201608000003034
S125_003_00000006, neutral, 0.39854820001346525
S125_003_00000007, neutral, 0.3888033999974141
S125_003_00000008, neutral, 0.4397404000046663
S125_004_00000012, neutral, 0.3962636000069324
S125_004_00000013, neutral, 0.4247745000029681
S125_004_00000014, neutral, 0.4229492000013124
S125_005_00000011, happy, 0.39221530000213534
S125_005_00000012, happy, 0.41395899999770336
S125_005_00000013, happy, 0.42498409999825526
S125_006_00000020, fear, 0.41716460000316147
S125_006_00000021, fear, 0.39628250000532717
S125_006_00000022, fear, 0.3880531000031624
S125_007_00000007, surprise, 0.41762729999027215
S125_007_00000008, surprise, 0.3948600999865448
S125_007_00000009, fear, 0.42827580000448506
S125_008_00000008, angry, 0.3972658999991836
S125_008_00000009, angry, 0.4057104999956209
S125_008_00000010, disgust, 0.4100719999987632
S126_001_00000035, angry, 0.3995353000063915
S126_001_00000036, angry, 0.4441470999881858
S126_001_00000037, angry, 0.39495329999772366
S126_002_00000019, angry, 0.42685759998857975
S126_002_00000020, angry, 0.4068141000025207
S126_002_00000021, angry, 0.3954743999929633
S126_004_00000010, surprise, 0.4288469999883091
S126_004_00000011, surprise, 0.3961394000070868
S126_004_00000012, surprise, 0.4375094999995781
S126_008_00000027, angry, 0.4002679000113858
S126_008_00000028, angry, 0.419355899997754
S126_008_00000029, angry, 0.41517860000021756
S127_001_00000015, surprise, 0.3832468000036897
S127_001_00000016, surprise, 0.44229099999938626
S127_001_00000017, surprise, 0.3931319999974221
S127_002_00000024, happy, 0.38852500000211876
S127_002_00000025, happy, 0.4181514999945648
S127_002_00000026, happy, 0.4090901000017766
S127_003_00000013, neutral, 0.4336588000005577
S127_003_00000014, neutral, 0.38664920000883285
S127_003_00000015, neutral, 0.41922409999824595
S127_004_00000014, happy, 0.4073519999947166
S127_004_00000015, happy, 0.3879120000055991
S127_004_00000016, happy, 0.4305927000095835
S127_010_00000016, angry, 0.3994492000056198
S127_010_00000017, angry, 0.4080290999991121
S127_010_00000018, angry, 0.38938939999206923
S128_001_00000022, happy, 0.39774270000634715
S128_001_00000023, happy, 0.42390660000091884
S128_001_00000024, happy, 0.3946171999996295
S128_002_00000008, neutral, 0.4370777000003727
S128_002_00000009, sad, 0.39238799999293406
S128_002_00000010, neutral, 0.388724500007811
S128_003_00000008, surprise, 0.4166633999993792
S128_003_00000009, surprise, 0.39616980000573676
S128_003_00000010, surprise, 0.4359225999942282
S128_004_00000011, disgust, 0.39178560000436846
S128_004_00000012, disgust, 0.4165418999909889
S128_004_00000013, disgust, 0.4131811999977799
S128_005_00000012, disgust, 0.3927566000056686
S128_005_00000013, disgust, 0.4350627999956487
S128_005_00000014, sad, 0.40186670000548474
S128_011_00000014, happy, 0.4109265000006417
S128_011_00000015, happy, 0.39653440000256523
S128_011_00000016, happy, 0.3871350999979768
S129_001_00000009, surprise, 0.4337758999899961
S129_001_00000010, surprise, 0.3973982000024989
S129_001_00000011, surprise, 0.4104774000006728
S129_002_00000009, neutral, 0.414644499993301
S129_002_00000010, happy, 0.39920620000339113
S129_002_00000011, happy, 0.44590510000125505
S129_003_00000022, happy, 0.3910768000059761
S129_003_00000023, happy, 0.4187115999957314
S129_003_00000024, happy, 0.39552370000455994
S129_004_00000013, surprise, 0.4011096999893198
S129_004_00000014, surprise, 0.4219331000058446
S129_004_00000015, surprise, 0.39616280001064297
S129_005_00000017, surprise, 0.43898089999856893
S129_005_00000018, surprise, 0.39917530000093393
S129_005_00000019, surprise, 0.4075329000042984
S129_006_00000008, neutral, 0.4124832000088645
S129_006_00000009, neutral, 0.39380450001044665
S129_006_00000010, neutral, 0.4332809999905294
S129_007_00000002, surprise, 0.40234760000021197
S129_007_00000003, surprise, 0.40315040000132285
S129_007_00000004, surprise, 0.4186411999980919
S129_011_00000016, disgust, 0.3970910000061849
S129_011_00000017, disgust, 0.4267388000007486
S129_011_00000018, disgust, 0.3884299000055762
S129_012_00000009, happy, 0.412896499998169
S129_012_00000010, happy, 0.4145051999948919
S129_012_00000011, happy, 0.39936119999038056
S130_001_00000016, surprise, 0.42739009999786504
S130_001_00000017, surprise, 0.40864939999300987
S130_001_00000018, surprise, 0.4488993999984814
S130_002_00000028, sad, 0.390023600004497
S130_002_00000029, sad, 0.3945317000034265
S130_002_00000030, fear, 0.4162397000036435
S130_003_00000026, happy, 0.38740469999902416
S130_003_00000027, happy, 0.43343730000196956
S130_003_00000028, happy, 0.38658430000941735
S130_004_00000017, neutral, 0.39564980000432115
S130_004_00000018, neutral, 0.41890910000074655
S130_004_00000019, neutral, 0.3931317999958992
S130_005_00000007, neutral, 0.4272118000080809
S130_005_00000008, neutral, 0.3999732999945991
S130_005_00000009, neutral, 0.40945919998921454
S130_006_00000030, surprise, 0.39759009999397676
S130_006_00000031, surprise, 0.389844199991785
S130_006_00000032, angry, 0.43984540000383276
S130_007_00000018, angry, 0.39572129999578465
S130_007_00000019, angry, 0.4077885000006063
S130_007_00000020, angry, 0.40323099998931866
S130_008_00000017, neutral, 0.39681669999845326
S130_008_00000018, neutral, 0.43114000000059605
S130_008_00000019, neutral, 0.4068991999956779
S130_009_00000017, sad, 0.46828699999605305
S130_009_00000018, sad, 0.40227180000511
S130_009_00000019, sad, 0.39236019999952987
S130_012_00000009, disgust, 0.4263012000010349
S130_012_00000010, disgust, 0.4039716999977827
S130_012_00000011, disgust, 0.4288780000060797
S130_013_00000013, happy, 0.39107279999007005
S130_013_00000014, happy, 0.41728750000766013
S130_013_00000015, happy, 0.4005429000098957
S131_001_00000014, fear, 0.39852889999747276
S131_001_00000015, fear, 0.44194650001008995
S131_001_00000016, fear, 0.3853901000111364
S131_002_00000022, angry, 0.4215035000088392
S131_002_00000023, angry, 0.4102314000047045
S131_002_00000024, angry, 0.3899001999961911
S131_003_00000022, sad, 0.43469169999298174
S131_003_00000023, angry, 0.3971825000044191
S131_003_00000024, sad, 0.44899920000170823
S131_004_00000003, neutral, 0.4054088999982923
S131_004_00000004, neutral, 0.4097701999999117
S131_004_00000005, neutral, 0.4260807999962708
S131_005_00000008, surprise, 0.3967701999936253
S131_005_00000009, surprise, 0.44957500000600703
S131_005_00000010, surprise, 0.4048293000087142
S131_006_00000020, happy, 0.4313162000034936
S131_006_00000021, happy, 0.4002543999959016
S131_006_00000022, happy, 0.3986880000011297
S131_007_00000012, happy, 0.4452510999981314
S131_007_00000013, happy, 0.391746500012232
S131_007_00000014, happy, 0.4202197000122396
S131_010_00000016, disgust, 0.40798950000316836
S131_010_00000017, disgust, 0.4048200999968685
S131_010_00000018, disgust, 0.44144759999471717
S132_001_00000009, sad, 0.3912517000135267
S132_001_00000010, sad, 0.4491672000003746
S132_001_00000011, sad, 0.3856277000013506
S132_002_00000016, sad, 0.39422090000880416
S132_002_00000017, sad, 0.42161510000005364
S132_002_00000018, sad, 0.4009222000022419
S132_003_00000021, fear, 0.43463030000566505
S132_003_00000022, fear, 0.396486300000106
S132_003_00000023, fear, 0.42461880001064856
S132_004_00000013, neutral, 0.40459599999303464
S132_004_00000014, neutral, 0.40286139999807347
S132_004_00000015, surprise, 0.4311843999894336
S132_005_00000014, disgust, 0.39693309999711346
S132_005_00000015, disgust, 0.4174083999969298
S132_005_00000016, disgust, 0.4009600999997929
S132_006_00000021, happy, 0.3957568000041647
S132_006_00000022, happy, 0.4147300000040559
S132_006_00000023, happy, 0.42681370000354946
S132_007_00000017, happy, 0.4328546000033384
S132_007_00000018, happy, 0.3954645000048913
S132_007_00000019, happy, 0.3928211999882478
S132_008_00000008, fear, 0.41796000000613276
S132_008_00000009, fear, 0.4002162000106182
S132_008_00000010, surprise, 0.4393446999893058
S133_001_00000027, happy, 0.41454899999371264
S133_001_00000028, happy, 0.43373659999633674
S133_001_00000029, happy, 0.40692130000388715
S133_002_00000018, neutral, 0.40959720000682864
S133_002_00000019, angry, 0.43105359999754
S133_002_00000020, neutral, 0.39526399999158457
S133_003_00000045, angry, 0.4382581999961985
S133_003_00000046, angry, 0.41315989999566227
S133_003_00000047, angry, 0.416120800000499
S133_004_00000013, angry, 0.4078750000044238
S133_004_00000014, angry, 0.4126445000001695
S133_004_00000015, angry, 0.4399246000102721
S133_009_00000004, surprise, 0.39578829999663867
S133_009_00000005, surprise, 0.47209019999718294
S133_009_00000006, angry, 0.4113289000088116
S133_010_00000012, happy, 0.39356679999036714
S133_010_00000013, happy, 0.42346099999849685
S133_010_00000014, happy, 0.38724090000323486
S134_001_00000021, neutral, 0.4453457000054186
S134_001_00000022, neutral, 0.40560409998579416
S134_001_00000023, neutral, 0.4124716000078479
S134_002_00000015, surprise, 0.42189139999391045
S134_002_00000016, surprise, 0.42550979999941774
S134_002_00000017, surprise, 0.4523055000026943
S134_003_00000009, neutral, 0.4035619000060251
S134_003_00000010, neutral, 0.4407420000061393
S134_003_00000011, neutral, 0.40792129999317694
S134_004_00000013, happy, 0.41070189999300055
S134_004_00000014, happy, 0.4381876999977976
S134_004_00000015, happy, 0.4009325999941211
S134_008_00000011, disgust, 0.43464249999669846
S134_008_00000012, disgust, 0.3979869000031613
S134_008_00000013, disgust, 0.4244176999927731
S135_001_00000037, surprise, 0.41393529999186285
S135_001_00000038, surprise, 0.3965189000009559
S135_001_00000039, surprise, 0.4417070000054082
S135_002_00000017, happy, 0.39294960000552237
S135_002_00000018, happy, 0.43268759999773465
S135_002_00000019, happy, 0.386641499993857
S135_003_00000011, neutral, 0.4036305000045104
S135_003_00000012, neutral, 0.42423849999613594
S135_003_00000013, neutral, 0.39736099999572616
S135_004_00000014, surprise, 0.43505919999734033
S135_004_00000015, surprise, 0.39570609999645967
S135_004_00000016, angry, 0.4112496000016108
S135_012_00000018, happy, 0.4194050999940373
S135_012_00000019, happy, 0.4051116000046022
S135_012_00000020, happy, 0.4306113000056939
S136_001_00000017, surprise, 0.40640649999841116
S136_001_00000018, surprise, 0.41837200000009034
S136_001_00000019, surprise, 0.40423919999739155
S136_002_00000010, fear, 0.4054916999884881
S136_002_00000011, fear, 0.446839700001874
S136_002_00000012, fear, 0.40119220000633504
S136_003_00000012, sad, 0.4495827999926405
S136_003_00000013, sad, 0.39781070000026375
S136_003_00000014, sad, 0.4802129000017885
S136_004_00000013, surprise, 0.4114012000063667
S136_004_00000014, surprise, 0.4157433999935165
S136_004_00000015, surprise, 0.4463114999962272
S136_005_00000008, sad, 0.3960095999937039
S136_005_00000009, sad, 0.44056869999621995
S136_005_00000010, sad, 0.39324809999379795
S136_006_00000018, happy, 0.41766229999484494
S136_006_00000019, happy, 0.42619830000330694
S136_006_00000020, happy, 0.4175200000026962
S137_001_00000012, surprise, 0.43599680000625085
S137_001_00000013, surprise, 0.39026849999208935
S137_001_00000014, surprise, 0.4079846999957226
S137_002_00000013, happy, 0.4600382999924477
S137_002_00000014, happy, 0.41005930000392254
S137_002_00000015, happy, 0.41411269998934586
S137_003_00000005, neutral, 0.3900584999937564
S137_003_00000006, neutral, 0.4384455999970669
S137_003_00000007, neutral, 0.3948015999922063
S137_004_00000004, neutral, 0.38463890001003165
S137_004_00000005, neutral, 0.42487840000831056
S137_004_00000006, neutral, 0.3856890999886673
S137_005_00000025, sad, 0.4347282999951858
S137_005_00000026, sad, 0.3874442999949679
S137_005_00000027, sad, 0.3988141000008909
S137_011_00000018, happy, 0.4137732999952277
S137_011_00000019, happy, 0.3982445000001462
S137_011_00000020, happy, 0.4236982000002172
S138_001_00000010, fear, 0.39701200000126846
S138_001_00000011, fear, 0.4088375999999698
S138_001_00000012, fear, 0.4296396999998251
S138_002_00000009, surprise, 0.4029268000012962
S138_002_00000010, neutral, 0.43430789999547414
S138_002_00000011, fear, 0.39786670000466984
S138_003_00000007, surprise, 0.4301657000032719
S138_003_00000008, surprise, 0.39903960000083316
S138_003_00000009, surprise, 0.3995557000016561
S138_004_00000011, fear, 0.42111239999940153
S138_004_00000012, fear, 0.3905584000021918
S138_004_00000013, fear, 0.4307239999907324
S138_005_00000014, happy, 0.4022814999916591
S138_005_00000015, happy, 0.400062100001378
S138_005_00000016, happy, 0.41750139999203384
S138_006_00000010, happy, 0.4049320999911288
S138_006_00000011, happy, 0.41829210000287276
S138_006_00000012, happy, 0.3896538999979384
S138_007_00000009, sad, 0.41148740000789985
S138_007_00000010, sad, 0.42988089998834766
S138_007_00000011, sad, 0.3846761000022525
S138_008_00000007, neutral, 0.4339433000131976
S138_008_00000008, neutral, 0.3982628000085242
S138_008_00000009, happy, 0.4038916999998037
S139_002_00000011, happy, 0.41085539999767207
S139_002_00000012, happy, 0.40511249999690335
S139_002_00000013, happy, 0.4255381999973906
S147_002_00000011, surprise, 0.40670209999370854
S147_002_00000012, surprise, 0.43380070000421256
S147_002_00000013, surprise, 0.4012726999935694
S148_002_00000013, neutral, 0.385962100001052
S148_002_00000014, neutral, 0.413451400003396
S148_002_00000015, neutral, 0.40634319999662694
S149_002_00000011, happy, 0.4272501999948872
S149_002_00000012, happy, 0.4014154000033159
S149_002_00000013, happy, 0.44836039999790955
S151_002_00000027, happy, 0.40436239998962265
S151_002_00000028, happy, 0.40838789999543224
S151_002_00000029, happy, 0.4458650000015041
S154_002_00000011, neutral, 0.39454079999995884
S154_002_00000012, neutral, 0.420154100007494
S154_002_00000013, neutral, 0.39817969998694025
S155_002_00000010, neutral, 0.41988459999265615
S155_002_00000011, neutral, 0.4223050000000512
S155_002_00000012, neutral, 0.3889599999965867
S156_002_00000019, happy, 0.4453743000049144
S156_002_00000020, happy, 0.4095249999954831
S156_002_00000021, happy, 0.4194578000024194
S157_002_00000009, happy, 0.45859500000369735
S157_002_00000010, happy, 0.40260339999804273
S157_002_00000011, happy, 0.4412503000057768
S158_002_00000009, happy, 0.3897882000019308
S158_002_00000010, neutral, 0.43900110000686254
S158_002_00000011, happy, 0.40382279999903403
S160_006_00000008, surprise, 0.39381340000545606
S160_006_00000009, surprise, 0.42792339999869
S160_006_00000010, sad, 0.3976007000019308
S501_001_00000065, angry, 0.4400787000049604
S501_001_00000066, angry, 0.40182780000031926
S501_001_00000067, angry, 0.3922701999981655
S501_004_00000054, fear, 0.4190863999974681
S501_004_00000055, fear, 0.41027189999294933
S501_004_00000056, fear, 0.44037090000347234
S501_006_00000039, sad, 0.39828020001004916
S501_006_00000040, sad, 0.4249437999969814
S501_006_00000041, sad, 0.40706549999595154
S502_001_00000014, fear, 0.40080780000425875
S502_001_00000015, angry, 0.4220861999929184
S502_001_00000016, angry, 0.3990415000007488
S502_002_00000007, neutral, 0.43654150000656955
S502_002_00000008, neutral, 0.3809996000054525
S502_002_00000009, neutral, 0.38931749999755993
S502_004_00000050, fear, 0.41971380000177305
S502_004_00000051, fear, 0.3893739000050118
S502_004_00000052, fear, 0.43773740000324324
S503_001_00000069, angry, 0.4091317000129493
S503_001_00000070, angry, 0.406577700006892
S503_001_00000071, angry, 0.42145230001187883
S503_002_00000006, neutral, 0.40665040000749286
S503_002_00000007, sad, 0.43743149998772424
S503_002_00000008, neutral, 0.3950044000084745
S503_006_00000018, sad, 0.43047069999738596
S503_006_00000019, sad, 0.39962770001147874
S503_006_00000020, sad, 0.39790939999511465
S504_001_00000020, disgust, 0.4521413000038592
S504_001_00000021, disgust, 0.3946732000040356
S504_001_00000022, disgust, 0.4242616999981692
S504_002_00000007, neutral, 0.3772413999977289
S504_002_00000008, neutral, 0.39740670000901446
S504_002_00000009, neutral, 0.4089733000000706
S504_004_00000013, fear, 0.38467990000208374
S504_004_00000014, fear, 0.4508373999997275
S504_004_00000015, fear, 0.38336370000615716
S504_006_00000016, sad, 0.40332320000743493
S504_006_00000017, sad, 0.42756689999077935
S504_006_00000018, sad, 0.39036180000402965
S505_002_00000019, neutral, 0.42779120001068804
S505_002_00000020, neutral, 0.40128200000617653
S505_002_00000021, neutral, 0.4296299999987241
S505_006_00000017, sad, 0.4054197000077693
S505_006_00000018, sad, 0.3869288999994751
S505_006_00000019, sad, 0.4358109000022523
S506_001_00000038, angry, 0.3985605000052601
S506_001_00000039, angry, 0.421884700001101
S506_001_00000040, angry, 0.39766319999762345
S506_002_00000007, neutral, 0.39540710000437684
S506_002_00000008, neutral, 0.41702799999620765
S506_002_00000009, neutral, 0.3979261999920709
S506_004_00000036, fear, 0.4285760000057053
S506_004_00000037, fear, 0.38981069999863394
S506_004_00000038, fear, 0.3905662999895867
S506_006_00000040, sad, 0.4324274999962654
S506_006_00000041, sad, 0.39922540000407025
S506_006_00000042, sad, 0.42048200000135694
S895_002_00000005, neutral, 0.40496249998977873
S895_002_00000006, neutral, 0.4241989000001922
S895_002_00000007, neutral, 0.41634469998825807
S999_001_00000016, angry, 0.4179503999912413
S999_001_00000017, angry, 0.4565119000035338
S999_001_00000018, angry, 0.4184413000039058
S999_003_00000053, fear, 0.44979939999757335
S999_003_00000054, fear, 0.41889679999439977
S999_003_00000055, fear, 0.4201020999898901
