name,detectedFex,time
S063_002_00000002,happy,4.325675546999946
S063_002_00000007,happy,0.38287440099998094
S063_002_00000009,happy,0.35955307199992603
S063_002_00000004,happy,0.35221134199991866
S070_005_00000010,neutral,0.3589202599999908
S070_005_00000009,neutral,0.36514227800000754
S070_005_00000007,neutral,0.3612218150000217
S070_005_00000013,angry,0.3715007619999824
S070_002_00000002,neutral,0.3660164100000429
S070_002_00000007,neutral,0.34364882600004876
S070_002_00000001,happy,0.35717081100006
S070_002_00000005,neutral,0.36362025999994785
S070_001_00000012,neutral,0.34839132599995537
S070_001_00000002,neutral,0.37204557100005786
S070_001_00000010,neutral,0.36497505199997704
S070_001_00000014,happy,0.3595111450000559
S070_003_00000008,happy,0.3448474089999536
S070_003_00000003,happy,0.3617475490000288
S070_003_00000001,happy,0.36249580799994874
S070_003_00000009,happy,0.3453019009999707
S093_004_00000010,happy,0.31431926199991267
S093_004_00000016,happy,0.3176493590000291
S093_004_00000011,happy,0.3432412600000134
S093_004_00000007,happy,0.32003010099992935
S093_002_00000008,sad,0.32121296200000415
S093_002_00000012,sad,0.32842922499992255
S093_002_00000009,sad,0.3250844980000238
S093_002_00000006,neutral,0.3266583689999152
S093_001_00000006,happy,0.3247274149999839
S093_001_00000018,sad,0.32282162900003186
S093_001_00000004,neutral,0.36382374599998
S093_001_00000017,sad,0.3311401040000419
S093_003_00000011,neutral,0.349879195000085
S093_003_00000001,neutral,0.34182406000002175
S093_003_00000003,neutral,0.3434007450000536
S093_003_00000005,neutral,0.34350350700003673
S147_002_00000008,fear,0.367373831000009
S147_002_00000009,happy,0.3661592830000018
S147_002_00000002,fear,0.380543031000002
S147_002_00000007,happy,0.37573323100002654
S117_001_00000011,surprise,0.3910880390000102
S117_001_00000007,fear,0.39557170000000497
S117_001_00000006,neutral,0.38634938999996393
S117_001_00000008,neutral,0.38462590500000715
S119_004_00000002,neutral,0.3454302929999358
S119_004_00000008,neutral,0.3509569059999649
S119_004_00000004,neutral,0.36788428699992437
S119_004_00000013,fear,0.36368926199997986
S119_003_00000011,neutral,0.3501735170000302
S119_003_00000010,sad,0.3525821299999734
S119_003_00000017,neutral,0.34381712600008996
S119_003_00000020,neutral,0.33970484300004955
S076_005_00000001,neutral,0.39140284299992345
S076_005_00000005,happy,0.3840715779999755
S076_005_00000003,neutral,0.4068659490000073
S076_005_00000008,neutral,0.396155788000101
S076_006_00000012,happy,0.38327487300000485
S076_006_00000018,happy,0.38361191799992866
S076_006_00000009,happy,0.39790036699992015
S076_006_00000017,happy,0.3753247779999356
S076_004_00000003,neutral,0.40842507900003966
S076_004_00000007,neutral,0.4155190430000175
S076_004_00000001,neutral,0.4349178900000652
S076_004_00000002,neutral,0.44209143000000495
S076_002_00000003,neutral,0.40946160299995427
S076_002_00000001,neutral,0.40401077100000293
S076_002_00000009,neutral,0.40021644000000833
S076_002_00000004,neutral,0.3947268659999281
S076_001_00000013,happy,0.4113620189999665
S076_001_00000014,sad,0.3862013489999754
S076_001_00000002,neutral,0.424125838000009
S076_001_00000010,surprise,0.41745749599999726
S076_003_00000013,neutral,0.4086805109999432
S076_003_00000010,neutral,0.39463462300000174
S076_003_00000006,fear,0.3928579509999963
S076_003_00000009,neutral,0.4043735940000488
S064_004_00000003,neutral,0.3385802609999473
S064_004_00000013,sad,0.39996147099998325
S064_004_00000006,sad,0.36133133599992107
S064_004_00000007,neutral,0.34038117399995826
S064_002_00000019,sad,0.3387077270000418
S064_002_00000023,neutral,0.33708724500002063
S064_002_00000028,neutral,0.33279425400007767
S064_002_00000029,neutral,0.33472848500002783
S064_001_00000010,sad,0.3582378559999597
S064_001_00000007,sad,0.3244389640000236
S064_001_00000004,neutral,0.3574809299999515
S064_001_00000008,neutral,0.3428970859999936
S064_003_00000014,happy,0.336460989000102
S064_003_00000024,happy,0.33935263199998644
S064_003_00000009,neutral,0.34212354800001776
S064_003_00000018,happy,0.33748377300003085
S005_001_00000007,angry,0.3530941230000053
S005_001_00000002,angry,0.3568995639999457
S005_001_00000001,sad,0.37927896400003647
S005_001_00000010,angry,0.35588496699995176
S502_004_00000010,neutral,0.3846631830000433
S502_004_00000044,fear,0.3788121759999967
S502_004_00000020,fear,0.36691017099997225
S502_004_00000040,fear,0.38406728099994325
S502_002_00000001,surprise,0.3626975530000891
S502_002_00000003,surprise,0.3521620820000635
S502_002_00000002,neutral,0.3752087750000328
S502_002_00000004,angry,0.36682815099993604
S502_001_00000011,angry,0.3617114930000298
S502_001_00000001,neutral,0.3544384509999645
S502_001_00000015,sad,0.3678923620000205
S502_001_00000002,neutral,0.35768980500006364
S074_005_00000007,neutral,0.3789835119999907
S074_005_00000015,neutral,0.3764676939999845
S074_005_00000040,happy,0.39627571699998043
S074_005_00000022,neutral,0.3807642209999358
S074_004_00000014,angry,0.35231512299992573
S074_004_00000011,angry,0.3490929170000072
S074_004_00000002,neutral,0.3888091329999952
S074_004_00000007,sad,0.3786126329999888
S074_002_00000004,sad,0.39276780099999087
S074_002_00000014,surprise,0.4181958660000191
S074_002_00000011,neutral,0.4462454910000133
S074_002_00000013,surprise,0.42878272600000855
S074_001_00000016,surprise,0.41864298699999836
S074_001_00000003,neutral,0.40262208899991947
S074_001_00000015,surprise,0.41703600499999993
S074_001_00000012,surprise,0.4152520730000333
S074_003_00000003,neutral,0.42500713699996595
S074_003_00000006,neutral,0.42603455000005397
S074_003_00000002,neutral,0.441368376000014
S074_003_00000008,neutral,0.43318455299993275
S131_010_00000004,fear,0.3835930290000533
S131_010_00000014,angry,0.3541564810000182
S131_010_00000010,angry,0.354255131000059
S131_010_00000007,sad,0.37229796500002976
S131_004_00000003,fear,0.3896339679999983
S131_004_00000002,sad,0.38668558400001984
S131_004_00000005,sad,0.420011852000016
S131_004_00000001,neutral,0.38974469300001147
S501_006_00000019,sad,0.38155616599999576
S501_006_00000033,sad,0.3455952049999951
S501_006_00000025,sad,0.38375495899992984
S501_006_00000004,neutral,0.3867844190000369
S501_004_00000003,neutral,0.3842968970000129
S501_004_00000020,angry,0.38434688000006645
S501_004_00000024,surprise,0.4052418190000253
S501_004_00000022,angry,0.38473533399996995
S501_001_00000017,neutral,0.3872544119999475
S501_001_00000024,sad,0.38940703599996596
S501_001_00000060,sad,0.3902684459999364
S501_001_00000009,neutral,0.3854644069999722
S029_001_00000014,neutral,0.30464712600007715
S029_001_00000003,neutral,0.31860254800005805
S029_001_00000017,sad,0.3291255369999817
S029_001_00000005,neutral,0.32384320900007424
S121_005_00000003,neutral,0.3578650319999497
S121_005_00000012,neutral,0.3628447790000564
S121_005_00000014,neutral,0.3631610649999857
S121_005_00000007,neutral,0.3631359710000197
S121_002_00000016,neutral,0.3583071169999812
S121_002_00000003,neutral,0.3692628189999141
S121_002_00000008,neutral,0.3962564209999755
S121_002_00000013,neutral,0.3687579189999042
S121_001_00000010,neutral,0.35558842300008564
S121_001_00000008,neutral,0.3582100219999802
S121_001_00000014,happy,0.35565066499998466
S121_001_00000009,neutral,0.35356681899997966
S113_005_00000005,sad,0.3888608199999908
S113_005_00000004,sad,0.39022635199989963
S113_005_00000006,fear,0.4186119310001004
S113_005_00000003,fear,0.39466808700001366
S113_008_00000023,sad,0.38126249200001894
S113_008_00000021,sad,0.3846507760000577
S113_008_00000019,neutral,0.38194356400003926
S113_008_00000004,sad,0.4006185609999875
S113_006_00000021,sad,0.4071908270000222
S113_006_00000004,fear,0.40043475999993916
S113_006_00000020,sad,0.4300570709999647
S113_006_00000013,sad,0.4081020339999668
S113_004_00000007,neutral,0.39923082500001783
S113_004_00000005,fear,0.4004453709999325
S113_004_00000003,sad,0.4022407850000036
S113_004_00000006,sad,0.4156459159999031
S113_007_00000032,surprise,0.4101688229999354
S113_007_00000042,surprise,0.41900418099999115
S113_007_00000011,fear,0.4128586459999042
S113_007_00000012,sad,0.39112152099994546
S113_002_00000007,neutral,0.3911391700000877
S113_002_00000011,neutral,0.3915597540000135
S113_002_00000006,fear,0.39548403300000246
S113_002_00000002,sad,0.39553518100001384
S113_001_00000010,sad,0.411375444999976
S113_001_00000009,sad,0.4083480029999009
S113_001_00000005,sad,0.4175816100000702
S113_001_00000004,sad,0.3990191529999265
S113_003_00000007,neutral,0.3954355309999755
S113_003_00000004,sad,0.39356700499990893
S113_003_00000009,sad,0.3935875419999775
S113_003_00000002,sad,0.3918499650000058
S504_006_00000005,neutral,0.34514286099999936
S504_006_00000012,neutral,0.34582578399999875
S504_006_00000007,neutral,0.36620167299997775
S504_006_00000002,neutral,0.3287045100000796
S504_004_00000013,angry,0.374494258000027
S504_004_00000002,neutral,0.34962568900004953
S504_004_00000011,fear,0.3668131509999739
S504_004_00000014,angry,0.3672567539999818
S504_002_00000001,neutral,0.3395770070000026
S504_002_00000009,neutral,0.33960086000001866
S504_002_00000006,neutral,0.36328169699993396
S504_002_00000004,neutral,0.34706540599995606
S504_001_00000011,neutral,0.3415421830000014
S504_001_00000021,angry,0.33572745300000406
S504_001_00000002,neutral,0.3418017269999609
S504_001_00000008,neutral,0.35510889299996506
S087_005_00000003,neutral,0.38595506599995133
S087_005_00000001,neutral,0.39514468999993824
S087_005_00000006,happy,0.4086747320000086
S087_005_00000007,fear,0.3942678729999898
S087_006_00000011,sad,0.38598927099997127
S087_006_00000006,neutral,0.39002573599998414
S087_006_00000010,sad,0.39335581499994987
S087_006_00000002,neutral,0.38762525300001016
S087_004_00000009,angry,0.36987124200004473
S087_004_00000010,angry,0.3647003419999919
S087_004_00000001,neutral,0.4216362060000165
S087_004_00000007,angry,0.3825260959999923
S087_007_00000012,sad,0.37576297299995076
S087_007_00000002,neutral,0.3863300570000092
S087_007_00000014,sad,0.37467129899994234
S087_007_00000003,neutral,0.38586939799995434
S087_002_00000002,neutral,0.39820704099997783
S087_002_00000009,neutral,0.3985266600000159
S087_002_00000020,neutral,0.41384050299996034
S087_002_00000005,neutral,0.39812109399997553
S087_001_00000008,sad,0.3932085339999958
S087_001_00000006,neutral,0.3922211399999469
S087_001_00000009,surprise,0.40002843599995686
S087_001_00000003,neutral,0.3970399019999604
S087_003_00000013,fear,0.4099493919999304
S087_003_00000011,fear,0.40607852300001923
S087_003_00000006,sad,0.43415648300003795
S087_003_00000004,fear,0.41435638499990546
S046_005_00000023,happy,0.340516788000059
S046_005_00000016,happy,0.3396632489999547
S046_005_00000005,fear,0.33749921699995866
S046_005_00000017,happy,0.33647869300000366
S046_004_00000001,neutral,0.348945284000024
S046_004_00000011,neutral,0.327492369999959
S046_004_00000002,fear,0.3615025249999917
S046_004_00000008,neutral,0.33579317699991407
S046_002_00000003,fear,0.3415870920000543
S046_002_00000006,surprise,0.34483763200000794
S046_002_00000002,neutral,0.3415774989999818
S046_002_00000005,surprise,0.34724907699990126
S046_001_00000021,fear,0.33986399499997333
S046_001_00000004,neutral,0.33916801599991686
S046_001_00000013,neutral,0.35784323500001847
S046_001_00000020,neutral,0.3404528419999906
S046_003_00000013,neutral,0.3385770390000289
S046_003_00000006,fear,0.3398309579999932
S046_003_00000004,neutral,0.33979534599995986
S046_003_00000010,neutral,0.33895145500002855
S100_005_00000022,sad,0.3631406380000044
S100_005_00000014,fear,0.36294115199996213
S100_005_00000013,sad,0.38822456399998373
S100_005_00000006,neutral,0.3750590119999515
S100_006_00000007,neutral,0.3646829340000295
S100_006_00000015,happy,0.36387169199997516
S100_006_00000012,happy,0.3846982960000105
S100_006_00000011,happy,0.3638766549998991
S100_004_00000005,sad,0.3780497860000196
S100_004_00000001,fear,0.3816877799999929
S100_004_00000002,fear,0.4000461030000224
S100_004_00000004,fear,0.38479903899997225
S100_002_00000004,neutral,0.37096321100000296
S100_002_00000015,sad,0.39444993400002204
S100_002_00000012,neutral,0.38676202999999987
S100_002_00000003,fear,0.37147263199994995
S100_001_00000002,fear,0.36723121600005015
S100_001_00000010,fear,0.38252680000005057
S100_001_00000008,fear,0.3933514259999811
S100_001_00000004,fear,0.37157767099995453
S100_003_00000001,fear,0.3756613970000444
S100_003_00000012,fear,0.3715731519999963
S100_003_00000006,fear,0.35578972400003295
S100_003_00000004,fear,0.35970974200006367
S138_005_00000016,happy,0.3583531539999285
S138_005_00000015,happy,0.36252143799993064
S138_005_00000002,neutral,0.3802461719999428
S138_005_00000005,neutral,0.3645692090000239
S138_008_00000005,neutral,0.3604861299999129
S138_008_00000007,neutral,0.35678108100000827
S138_008_00000006,neutral,0.35724883199998203
S138_008_00000003,neutral,0.35803933199997573
S138_006_00000004,neutral,0.36371043000008285
S138_006_00000009,happy,0.3586899030000268
S138_006_00000002,neutral,0.38477503799992974
S138_006_00000005,neutral,0.3666372569999794
S138_004_00000005,neutral,0.37765610999997534
S138_004_00000010,neutral,0.42277363999994577
S138_004_00000008,surprise,0.3859383809999599
S138_004_00000004,neutral,0.3679659190000848
S138_002_00000007,neutral,0.3692522449999842
S138_002_00000003,neutral,0.376216965000026
S138_002_00000009,neutral,0.40179970000008325
S138_002_00000001,neutral,0.37655950999999277
S138_001_00000011,fear,0.36384598799998
S138_001_00000002,neutral,0.36225913599992055
S138_001_00000001,neutral,0.3614361160000499
S138_001_00000010,sad,0.3649549770000249
S138_003_00000005,neutral,0.3754255579999608
S138_003_00000007,sad,0.38309999900002367
S138_003_00000003,neutral,0.4010697380000465
S138_003_00000008,neutral,0.3882403790000808
S080_005_00000010,sad,0.3728849240000045
S080_005_00000013,sad,0.3768890740000188
S080_005_00000004,sad,0.3722210380000206
S080_005_00000007,sad,0.37572421300001224
S080_008_00000002,angry,0.37288197899999886
S080_008_00000008,disgust,0.3690192220000199
S080_008_00000001,angry,0.3967846369999961
S080_008_00000003,angry,0.37845798199998626
S080_004_00000005,angry,0.37293940699998984
S080_004_00000004,sad,0.36910125999997945
S080_004_00000002,sad,0.36293102199999794
S080_004_00000014,happy,0.3719624569999951
S080_002_00000001,angry,0.37344299300002604
S080_002_00000013,happy,0.38276780500007135
S080_002_00000007,happy,0.4022299140000314
S080_002_00000002,angry,0.3787856930000544
S080_003_00000002,angry,0.38474744499990265
S080_003_00000006,angry,0.3853658479999922
S080_003_00000010,fear,0.3907063639999251
S080_003_00000003,sad,0.38714485400009835
S055_006_00000006,neutral,0.3615006179999227
S055_006_00000008,happy,0.3755832099999452
S055_006_00000007,sad,0.38667076899992026
S055_006_00000002,fear,0.3660140759999422
S055_004_00000026,sad,0.35148593700000674
S055_004_00000003,fear,0.3611909060000471
S055_004_00000019,sad,0.35790551399998094
S055_004_00000005,neutral,0.3611133489999929
S055_003_00000002,neutral,0.35633031100007884
S055_003_00000006,neutral,0.3594729029999826
S055_003_00000009,neutral,0.36482823300002565
S055_003_00000003,neutral,0.3652153540000427
S109_005_00000004,neutral,0.3628887060000352
S109_005_00000011,angry,0.3359994969999889
S109_005_00000010,neutral,0.3530078799999501
S109_005_00000002,neutral,0.3619620910000094
S109_006_00000001,neutral,0.3606866909999553
S109_006_00000013,happy,0.36521896499994
S109_006_00000015,happy,0.37834151600009136
S109_006_00000009,happy,0.36111477499991906
S109_004_00000008,happy,0.3478154980000454
S109_004_00000011,happy,0.3459265280000636
S109_004_00000013,angry,0.3500646620000225
S109_004_00000004,neutral,0.3575273950000337
S109_002_00000004,fear,0.3720378110000411
S109_002_00000002,fear,0.37085043100000803
S109_002_00000007,fear,0.40948469599993587
S109_002_00000005,fear,0.37174754599993776
S109_001_00000016,fear,0.36257393899995805
S109_001_00000012,neutral,0.36172249399999146
S109_001_00000005,fear,0.3630555989999493
S109_001_00000010,fear,0.35933258500006104
S109_003_00000014,sad,0.33227092700008143
S109_003_00000009,neutral,0.3473915989999341
S109_003_00000004,neutral,0.38873763200001576
S109_003_00000017,neutral,0.3399746090000235
S156_002_00000002,neutral,0.3819626200000812
S156_002_00000008,neutral,0.38071846100001494
S156_002_00000014,happy,0.3766382720000365
S156_002_00000019,happy,0.37786102300003677
S114_005_00000018,fear,0.3863920019999796
S114_005_00000016,sad,0.38329807699994944
S114_005_00000019,surprise,0.4082210000000259
S114_005_00000003,neutral,0.3884542360000296
S114_006_00000023,happy,0.3577137510000057
S114_006_00000001,neutral,0.36937374799992995
S114_006_00000002,sad,0.37768722200007687
S114_006_00000022,happy,0.35917308099999445
S114_004_00000003,neutral,0.3790624590000107
S114_004_00000015,sad,0.38438952900003187
S114_004_00000004,neutral,0.41097597199996017
S114_004_00000005,neutral,0.3851407140000447
S114_002_00000012,happy,0.3558657810000341
S114_002_00000007,neutral,0.36077637799996864
S114_002_00000003,neutral,0.3762671519999685
S114_002_00000011,happy,0.3595492379999996
S114_001_00000018,neutral,0.35807866600009675
S114_001_00000017,surprise,0.35951962599995113
S114_001_00000015,angry,0.38584108199995626
S114_001_00000002,neutral,0.37234166999996887
S114_003_00000010,neutral,0.36360309300005156
S114_003_00000006,neutral,0.36653157000000647
S114_003_00000005,neutral,0.3710816589999695
S114_003_00000009,neutral,0.36582329400005165
S044_005_00000022,angry,0.3260869289999846
S044_005_00000001,neutral,0.33788196699993023
S044_005_00000027,fear,0.36367220600004657
S044_005_00000004,neutral,0.34072771999990437
S044_006_00000002,neutral,0.3361379069999657
S044_006_00000013,angry,0.32996602000002895
S044_006_00000003,neutral,0.33869592999997167
S044_006_00000009,angry,0.33842168299997866
S044_004_00000013,angry,0.34528636400000323
S044_004_00000018,angry,0.3428061569999272
S044_004_00000005,neutral,0.36808184800008803
S044_004_00000027,angry,0.7205493630000319
S044_001_00000020,neutral,0.3586987549999776
S044_001_00000004,neutral,0.36386871100000917
S044_001_00000011,neutral,0.374446756999987
S044_001_00000007,neutral,0.36305798800003686
S082_005_00000004,neutral,0.3981489469999815
S082_005_00000013,angry,0.38114423000001807
S082_005_00000001,neutral,0.4007384890001049
S082_005_00000003,neutral,0.4159533490000058
S077_006_00000010,fear,0.41655365999997684
S077_006_00000005,neutral,0.4265816370000266
S077_006_00000004,neutral,0.4227752880000253
S077_006_00000002,neutral,0.419670048999933
S077_007_00000006,neutral,0.4085986200000207
S077_007_00000028,fear,0.41527040699997997
S077_007_00000024,neutral,0.41081680199999937
S077_007_00000027,happy,0.44894001800003025
S077_001_00000004,fear,0.420790112000077
S077_001_00000010,neutral,0.41200618200002737
S077_001_00000025,surprise,0.4058770919999688
S077_001_00000021,surprise,0.406467459000055
S077_003_00000011,happy,0.4050106470000401
S077_003_00000005,fear,0.38859148000005916
S077_003_00000001,neutral,0.379707843999995
S077_003_00000004,sad,0.4038136919999715
S083_004_00000009,happy,0.3691240010000456
S083_004_00000006,neutral,0.3665127179999672
S083_004_00000007,neutral,0.36647314300000744
S083_004_00000005,neutral,0.36909285299998373
S083_002_00000006,neutral,0.3783428680000043
S083_002_00000009,neutral,0.36834381599999233
S083_002_00000010,neutral,0.3758252159999529
S083_002_00000002,sad,0.39152253100007783
S083_001_00000018,neutral,0.3666698140000335
S083_001_00000002,happy,0.3725619539999343
S083_001_00000014,sad,0.35427168800003983
S083_001_00000016,angry,0.359724908999965
S083_003_00000013,angry,0.36729064300004666
S083_003_00000019,happy,0.3658669249999775
S083_003_00000004,happy,0.3617650679999542
S083_003_00000001,happy,0.3873154309999336
S057_005_00000018,neutral,0.36314939800001866
S057_005_00000035,sad,0.36263990400004786
S057_005_00000017,neutral,0.3618780900000047
S057_005_00000016,neutral,0.36383737699998164
S057_006_00000005,neutral,0.38333902199997283
S057_006_00000003,neutral,0.3785216500000388
S057_006_00000023,happy,0.35909500599996136
S057_006_00000012,neutral,0.38510526800007483
S057_004_00000018,angry,0.3694756579999421
S057_004_00000007,neutral,0.3628592979999894
S057_004_00000004,neutral,0.38139119899994967
S057_004_00000014,neutral,0.37201340300009633
S057_002_00000006,neutral,0.3605081870000504
S057_002_00000007,neutral,0.3592500280000195
S057_002_00000004,sad,0.37658352999994804
S057_002_00000005,neutral,0.3917568320000555
S057_001_00000010,neutral,0.3656768649999549
S057_001_00000015,neutral,0.3945496579999599
S057_001_00000004,neutral,0.3890605650000225
S057_001_00000012,neutral,0.39032870599999114
S057_003_00000007,neutral,0.38109435899991695
S057_003_00000001,neutral,0.38026033899996037
S057_003_00000006,neutral,0.3795418590000281
S057_003_00000005,neutral,0.3952323600000227
S111_005_00000005,sad,0.36806101400009084
S111_005_00000002,sad,0.3586642909999682
S111_005_00000011,sad,0.3596383510000578
S111_005_00000003,sad,0.3598943389999931
S111_006_00000004,neutral,0.34385108900005434
S111_006_00000009,neutral,0.3333061740000858
S111_006_00000008,neutral,0.33587027199996555
S111_006_00000007,neutral,0.35181337000005897
S111_004_00000007,neutral,0.36150565499997356
S111_004_00000010,sad,0.36015856800008805
S111_004_00000004,sad,0.3599583769999981
S111_004_00000005,sad,0.3598986169999989
S111_007_00000007,neutral,0.33105575000001863
S111_007_00000010,angry,0.3261875790000204
S111_007_00000009,angry,0.3221672070000068
S111_007_00000002,sad,0.3592814170000338
S111_002_00000012,fear,0.35023894400001154
S111_002_00000009,happy,0.352002060000018
S111_002_00000003,neutral,0.35808570400001827
S111_002_00000005,sad,0.3623481370000263
S111_001_00000013,sad,0.36308456200004
S111_001_00000004,sad,0.3503138900000522
S111_001_00000009,sad,0.37073216900000716
S111_001_00000012,neutral,0.38540446000001793
S111_003_00000007,sad,0.34607308699992245
S111_003_00000012,sad,0.3434292460000279
S111_003_00000003,neutral,0.3501953319999984
S111_003_00000002,sad,0.3469735700000456
S056_004_00000020,happy,0.383235687000024
S056_004_00000012,happy,0.38596719600002416
S056_004_00000009,happy,0.3852212150000014
S056_004_00000007,neutral,0.4015813240000625
S056_002_00000007,angry,0.354373948999978
S056_002_00000006,angry,0.36008043599997563
S056_002_00000001,neutral,0.3743704959999832
S056_002_00000010,angry,0.35523652500000935
S056_001_00000005,neutral,0.3675446870000769
S056_001_00000014,neutral,0.3794408559999738
S056_001_00000009,neutral,0.39065628799994556
S056_001_00000002,neutral,0.3901609810000082
S056_003_00000006,sad,0.4156719160000648
S056_003_00000008,sad,0.41080822699996133
S056_003_00000005,sad,0.41322843299997203
S056_003_00000002,neutral,0.3868618650000144
S061_004_00000002,neutral,0.3572662029999947
S061_004_00000015,angry,0.35108813099998315
S061_004_00000007,surprise,0.3512651350000624
S061_004_00000021,neutral,0.3546362700000145
S127_010_00000010,sad,0.3491855490000262
S127_010_00000011,fear,0.36046151899995493
S127_010_00000008,sad,0.3557609819999925
S127_010_00000005,neutral,0.3588817959999915
S127_004_00000015,happy,0.3444821599999841
S127_004_00000002,neutral,0.35624008699994647
S127_004_00000008,happy,0.3563433660000328
S127_004_00000007,happy,0.3718942339999103
S127_002_00000026,neutral,0.35703310499991403
S127_002_00000023,neutral,0.3521881020000137
S127_002_00000001,neutral,0.3575210789999801
S127_002_00000024,happy,0.3873997480000071
S127_001_00000003,neutral,0.405609252999966
S127_001_00000001,neutral,0.6710942500000101
S127_001_00000011,neutral,0.3710120089999691
S127_001_00000005,neutral,0.40031911000005493
S127_003_00000007,neutral,0.38108450699996865
S127_003_00000014,fear,0.3802011709999533
S127_003_00000001,neutral,0.38214225399997304
S127_003_00000005,fear,0.38777798000000985
S096_001_00000006,neutral,0.376080424999941
S096_001_00000005,neutral,0.38359371399997144
S096_001_00000002,neutral,0.3668915969999489
S096_001_00000001,neutral,0.3852231969999593
S158_002_00000003,sad,0.38534295900001325
S158_002_00000009,neutral,0.38640263199999936
S158_002_00000011,neutral,0.3784067579999828
S158_002_00000001,neutral,0.3874233409999306
S115_005_00000005,neutral,0.4014497279999887
S115_005_00000001,angry,0.42002481600002284
S115_005_00000008,happy,0.4030195069999536
S115_005_00000006,neutral,0.4253325159999122
S115_008_00000017,happy,0.370785651999995
S115_008_00000006,neutral,0.3975573220000115
S115_008_00000016,happy,0.3741371570000638
S115_008_00000005,neutral,0.3918646690000287
S115_006_00000009,neutral,0.40821503699999084
S115_006_00000002,fear,0.40366681799991966
S115_006_00000017,angry,0.4112720350000245
S115_006_00000001,angry,0.4347690160000184
S115_004_00000004,sad,0.4015071370000669
S115_004_00000008,angry,0.39736937200007105
S115_004_00000002,sad,0.4053324309999198
S115_004_00000013,sad,0.4138425770000822
S115_007_00000009,angry,0.41991623899991737
S115_007_00000006,neutral,0.4241191720000188
S115_007_00000016,neutral,0.42316016799998124
S115_007_00000013,neutral,0.4358217629999217
S115_002_00000023,neutral,0.3821972739999637
S115_002_00000022,neutral,0.3850704159999623
S115_002_00000005,fear,0.3968528430000333
S115_002_00000003,fear,0.4090199450000682
S115_001_00000002,sad,0.4012761500000579
S115_001_00000005,happy,0.4070027300000447
S115_001_00000008,surprise,0.40215274499996667
S115_001_00000006,neutral,0.4245182920000161
S115_003_00000005,neutral,0.41411604600000373
S115_003_00000003,neutral,0.4137145000000828
S115_003_00000009,angry,0.4221466620000456
S115_003_00000012,neutral,0.41500827100003335
S128_005_00000003,sad,0.3273247920000131
S128_005_00000006,sad,0.3326419169999326
S128_005_00000014,neutral,0.35251735000008466
S128_005_00000004,sad,0.33864263300006314
S128_004_00000008,angry,0.3134230000000571
S128_004_00000004,sad,0.3277545610000061
S128_004_00000012,angry,0.31160903099998905
S128_004_00000003,neutral,0.3404126190000625
S128_002_00000010,neutral,0.3403736000000208
S128_002_00000005,neutral,0.3482093769999892
S128_002_00000004,neutral,0.34844397599999866
S128_002_00000006,neutral,0.35810957499995766
S128_001_00000006,neutral,0.3335614950000263
S128_001_00000021,happy,0.33218329500004984
S128_001_00000013,happy,0.33231818800004476
S128_001_00000015,happy,0.3353209430000561
S128_003_00000002,neutral,0.34119960099997115
S128_003_00000009,neutral,0.3488228920000438
S128_003_00000010,sad,0.34401735199992345
S128_003_00000001,neutral,0.35964675900004295
S128_011_00000009,happy,0.32604707699999835
S128_011_00000012,happy,0.3310555649999287
S128_011_00000008,happy,0.3289573480000172
S128_011_00000005,happy,0.34815824600002543
S045_005_00000019,fear,0.3165686669999559
S045_005_00000030,fear,0.3117012740000291
S045_005_00000009,neutral,0.31123968899999
S045_005_00000002,neutral,0.34687464199998885
S045_004_00000005,neutral,0.32255571600001076
S045_004_00000006,happy,0.3273210499999095
S045_004_00000002,happy,0.3266188669999792
S045_004_00000008,happy,0.31454608199999257
S045_002_00000010,neutral,0.3260290389999909
S045_002_00000006,neutral,0.3337422949999791
S045_002_00000009,neutral,0.3221153529999583
S045_002_00000013,angry,0.3363790060000156
S045_001_00000028,happy,0.3270069879999937
S045_001_00000016,happy,0.33005837399991833
S045_001_00000011,happy,0.33253915500006315
S045_001_00000015,happy,0.33069613099996786
S045_003_00000002,neutral,0.3288431239999454
S045_003_00000011,happy,0.32543839500010563
S045_003_00000013,happy,0.3232348980000097
S045_003_00000006,neutral,0.3519458000000668
S079_004_00000006,happy,0.35531395299994983
S079_004_00000013,happy,0.36063861599996017
S079_004_00000014,happy,0.35806981399991855
S079_004_00000015,happy,0.3573003340000014
S079_002_00000001,neutral,0.35118602199997895
S079_002_00000012,angry,0.3473950439999953
S079_002_00000011,angry,0.34480412999994314
S079_002_00000008,neutral,0.36987400099997103
S079_001_00000004,neutral,0.3593583069999795
S079_001_00000006,neutral,0.36566232699999546
S079_001_00000002,neutral,0.3654326179999998
S079_001_00000008,neutral,0.36629624899990176
S079_003_00000010,happy,0.3650402749999557
S079_003_00000003,neutral,0.40040900100007093
S079_003_00000004,neutral,0.37446257199997035
S079_003_00000012,sad,0.3912648949999493
S103_008_00000009,neutral,0.38110895099998743
S103_008_00000014,sad,0.37446359099999427
S103_008_00000012,sad,0.3811181739999938
S103_008_00000005,neutral,0.3798079210000651
S103_006_00000009,neutral,0.3837144389999594
S103_006_00000008,neutral,0.38293719900002543
S103_006_00000014,sad,0.38259548700000323
S103_006_00000007,sad,0.41787265300001764
S103_007_00000020,sad,0.38077299899998707
S103_007_00000012,sad,0.388457107000022
S103_007_00000006,sad,0.389350979000028
S103_007_00000009,sad,0.38399744600008034
S103_003_00000010,neutral,0.379389485000047
S103_003_00000011,fear,0.384040409000022
S103_003_00000005,fear,0.38230859100008274
S103_003_00000016,neutral,0.4060974310000347
S110_007_00000025,happy,0.362881649999963
S110_007_00000006,neutral,0.37149726100005864
S110_007_00000015,happy,0.3539271980000649
S110_007_00000022,happy,0.36641456799998195
S081_005_00000012,happy,0.39008555300006265
S081_005_00000018,happy,0.3894864640000151
S081_005_00000011,happy,0.3968719350000356
S081_005_00000008,happy,0.4202740249999124
S081_008_00000008,disgust,0.3734518259999504
S081_008_00000009,angry,0.3772093219999988
S081_008_00000001,neutral,0.4068888199999492
S081_008_00000007,fear,0.37473130000000765
S081_004_00000001,neutral,0.41105289999995875
S081_004_00000005,neutral,0.3890955289999738
S081_004_00000002,neutral,0.41616787200007366
S081_004_00000009,neutral,0.42113252699994064
S081_002_00000022,neutral,0.3890228049999678
S081_002_00000010,neutral,0.3994500879999805
S081_002_00000014,sad,0.3941729269999996
S081_002_00000003,neutral,0.402051742000026
S081_001_00000003,neutral,0.402708017000009
S081_001_00000005,neutral,0.40873879000002944
S081_001_00000009,surprise,0.40732907200003865
S081_001_00000015,surprise,0.43303103000005194
S081_003_00000020,neutral,0.39746898699991107
S081_003_00000003,neutral,0.4004888540000593
S081_003_00000016,neutral,0.399786764000055
S081_003_00000023,neutral,0.4008863639999163
S108_005_00000013,sad,0.3945919180000601
S108_005_00000008,angry,0.4242360999999164
S108_005_00000005,sad,0.41202910799995607
S108_005_00000020,sad,0.42762819899996884
S108_008_00000003,angry,0.41412782500003686
S108_008_00000007,happy,0.40894099900003766
S108_008_00000008,happy,0.4055476030000591
S108_008_00000012,happy,0.41856998499997644
S108_006_00000007,angry,0.41045795999991697
S108_006_00000020,angry,0.3928509890000669
S108_006_00000002,angry,0.41368788800002676
S108_006_00000006,neutral,0.43219073299997035
S108_004_00000015,angry,0.4163300799999661
S108_004_00000006,angry,0.4202418759999773
S108_004_00000008,surprise,0.4238973519999263
S108_004_00000018,surprise,0.4185955230000218
S108_007_00000007,sad,0.4118877710000106
S108_007_00000002,neutral,0.41501136399995175
S108_007_00000008,fear,0.40893675799998164
S108_007_00000001,neutral,0.4333721499999683
S108_002_00000010,neutral,0.4132320989999698
S108_002_00000002,neutral,0.40777382199996737
S108_002_00000001,neutral,0.4111881069999299
S108_002_00000012,neutral,0.42112426699998196
S108_003_00000001,angry,0.42395963100000245
S108_003_00000010,neutral,0.4211712500000431
S108_003_00000013,neutral,0.4234834899999669
S108_003_00000008,surprise,0.44258936799997173
S052_006_00000007,fear,0.37850603799995497
S052_006_00000005,sad,0.3807427579999967
S052_006_00000012,neutral,0.3739596159999792
S052_006_00000006,fear,0.38189150699997754
S052_004_00000005,happy,0.38916980800001966
S052_004_00000002,neutral,0.3940410170000632
S052_004_00000012,sad,0.3793111869999848
S052_004_00000030,happy,0.40513911200002894
S052_002_00000012,neutral,0.38377445900005114
S052_002_00000020,fear,0.3837451990000318
S052_002_00000011,fear,0.3832883730000276
S052_002_00000014,sad,0.3838664060000383
S052_001_00000015,surprise,0.404892790999952
S052_001_00000005,sad,0.4004571499999656
S052_001_00000010,surprise,0.407498185999998
S052_001_00000008,neutral,0.42589399199994205
S052_003_00000001,neutral,0.3869916649999823
S052_003_00000017,fear,0.3714405189999752
S052_003_00000004,fear,0.38814178500001617
S052_003_00000010,sad,0.3700960060000398
S157_002_00000001,neutral,0.42336143099998935
S157_002_00000011,fear,0.4174461439999959
S157_002_00000010,neutral,0.42407074499999453
S157_002_00000004,fear,0.44332721899991157
S037_005_00000013,neutral,0.3281217359999573
S037_005_00000001,neutral,0.3426798209999333
S037_005_00000012,neutral,0.3282660180000221
S037_005_00000016,neutral,0.3285283390000586
S037_006_00000012,neutral,0.3202374580000651
S037_006_00000005,neutral,0.32601779699996314
S037_006_00000009,fear,0.3263098780000746
S037_006_00000010,neutral,0.34131416000002446
S037_004_00000034,angry,0.3156502570000157
S037_004_00000028,angry,0.31868108799994843
S037_004_00000016,angry,0.3243708700000525
S037_004_00000001,neutral,0.3289489969999977
S037_002_00000017,fear,0.3187122540000473
S037_002_00000001,neutral,0.32663577599998916
S037_002_00000006,neutral,0.3186349009999958
S037_002_00000008,neutral,0.33456859299997177
S037_001_00000010,sad,0.3251066100000344
S037_001_00000005,neutral,0.3302548789999946
S037_001_00000011,sad,0.3292910039999697
S037_001_00000003,neutral,0.33228755700008605
S037_003_00000014,angry,0.31242543899998054
S037_003_00000003,neutral,0.3282238120000329
S037_003_00000010,angry,0.3149067210000567
S037_003_00000007,neutral,0.3344328109999424
S126_008_00000008,sad,0.3559521350000523
S126_008_00000014,sad,0.3701240249999955
S126_008_00000007,neutral,0.3590551890000597
S126_008_00000010,sad,0.3536764510000694
S126_004_00000011,sad,0.3857385980001027
S126_004_00000008,neutral,0.3746168160000707
S126_004_00000005,neutral,0.358894742000075
S126_004_00000004,neutral,0.37751833000004353
S126_002_00000002,neutral,0.356558408000069
S126_002_00000013,sad,0.3353179989999262
S126_002_00000021,neutral,0.3583185609999191
S126_002_00000014,sad,0.3339370219999864
S126_001_00000024,fear,0.35621604799996476
S126_001_00000025,neutral,0.35373054499996215
S126_001_00000036,sad,0.3608449539999583
S126_001_00000035,sad,0.3774934210000538
S105_005_00000007,neutral,0.3862281830000711
S105_005_00000012,neutral,0.39115581800001564
S105_005_00000003,neutral,0.3979399980000835
S105_005_00000002,neutral,0.38767329200004497
S105_008_00000010,angry,0.36034775699999955
S105_008_00000002,neutral,0.3816260930000226
S105_008_00000008,angry,0.3655433989999892
S105_008_00000009,angry,0.37670138400005726
S105_006_00000017,neutral,0.39167736800004604
S105_006_00000012,neutral,0.3923195689999375
S105_006_00000016,neutral,0.3919452259999616
S105_006_00000008,neutral,0.38938173999997616
S105_004_00000017,happy,0.37867611599995143
S105_004_00000010,neutral,0.38673178800002006
S105_004_00000023,happy,0.37538700099992184
S105_004_00000026,happy,0.39822789300001205
S105_007_00000008,neutral,0.3784843710000132
S105_007_00000023,angry,0.3731614299999819
S105_007_00000017,neutral,0.3761636309999403
S105_007_00000014,neutral,0.37720367400004307
S105_002_00000012,neutral,0.3772904909999397
S105_002_00000024,neutral,0.3826751739999281
S105_002_00000005,neutral,0.3694539360000135
S105_002_00000008,neutral,0.37918594400002803
S105_001_00000011,neutral,0.379173145999971
S105_001_00000001,neutral,0.3843591390000256
S105_001_00000010,neutral,0.3819721390000268
S105_001_00000014,neutral,0.38024913499998547
S105_003_00000008,neutral,0.3925550190000422
S105_003_00000005,neutral,0.37627085500002977
S105_003_00000004,neutral,0.37840796199998294
S105_003_00000009,neutral,0.40216411599999446
S034_005_00000006,happy,0.3392728150000721
S034_005_00000010,happy,0.33551126299994394
S034_005_00000005,happy,0.34451329000000896
S034_005_00000004,neutral,0.3479614089999359
S034_004_00000003,sad,0.3559913580000966
S034_004_00000035,angry,0.3353432400000429
S034_004_00000006,fear,0.35121374499999547
S034_004_00000032,angry,0.3545461390001492
S034_002_00000030,neutral,0.33929372199986574
S034_002_00000002,sad,0.35681385799989584
S034_002_00000010,neutral,0.35288808100017377
S034_002_00000011,fear,0.3495736140000645
S034_001_00000011,sad,0.35401682999986406
S034_001_00000006,sad,0.3521062659999643
S034_001_00000004,sad,0.3523037889999614
S034_001_00000026,surprise,0.36346081199985747
S034_003_00000014,angry,0.3350691600001028
S034_003_00000025,angry,0.33236337299990737
S034_003_00000005,angry,0.35148808500002815
S034_003_00000027,angry,0.33343756499994015
S099_004_00000014,happy,0.36952045599991834
S099_004_00000012,happy,0.3737047029999303
S099_004_00000006,neutral,0.36840466900002866
S099_004_00000008,happy,0.3892340699999295
S099_007_00000012,angry,0.347522508999873
S099_007_00000002,neutral,0.36374392999982774
S099_007_00000004,neutral,0.3611402939998243
S099_007_00000011,angry,0.3468151780000426
S099_002_00000012,angry,0.3725814530000662
S099_002_00000009,neutral,0.380744962000108
S099_002_00000002,neutral,0.3679168070000287
S099_002_00000008,sad,0.38890911799990135
S099_001_00000009,surprise,0.3854881469999327
S099_001_00000013,surprise,0.38935066500016546
S099_001_00000005,neutral,0.3689140890000999
S099_001_00000006,neutral,0.3787558590001936
S099_003_00000005,sad,0.36584660900007293
S099_003_00000003,neutral,0.38852162700004556
S099_003_00000013,sad,0.3838687760000994
S099_003_00000014,sad,0.39703001300017604
S090_006_00000004,neutral,0.38719790999994075
S090_006_00000007,angry,0.37547935599991433
S090_006_00000009,angry,0.37421002900009626
S090_006_00000003,neutral,0.40360329800000727
S090_007_00000014,sad,0.38053627099998266
S090_007_00000003,neutral,0.4090416679998725
S090_007_00000012,neutral,0.38856657199994515
S090_007_00000009,sad,0.4058315530000982
S090_002_00000003,neutral,0.41479334399991785
S090_002_00000002,neutral,0.40887165000003733
S090_002_00000009,surprise,0.4124861420000343
S090_002_00000010,surprise,0.416610713999944
S102_005_00000007,fear,0.3887628219999897
S102_005_00000003,neutral,0.3823628400000416
S102_005_00000005,neutral,0.3865593610000815
S102_005_00000004,fear,0.4016899260000173
S102_008_00000028,neutral,0.4001593680000042
S102_008_00000022,neutral,0.400641245000088
S102_008_00000023,fear,0.4088090889999876
S102_008_00000016,surprise,0.4016402049999215
S102_006_00000005,neutral,0.3769694730001447
S102_006_00000010,neutral,0.38039107999998123
S102_006_00000003,neutral,0.3747551429999021
S102_006_00000006,neutral,0.3902152240000305
S102_004_00000005,fear,0.7920512840000811
S102_004_00000007,fear,0.39763801300000523
S102_004_00000016,happy,0.39581937100001596
S102_004_00000004,fear,0.39886517900004037
S102_007_00000011,sad,0.41268886499983637
S102_007_00000006,neutral,0.41946058400003494
S102_007_00000013,neutral,0.41921306299991556
S102_007_00000001,neutral,0.41854072399996767
S102_002_00000016,fear,0.43210439599988604
S102_002_00000001,neutral,0.3998839619998762
S102_002_00000002,neutral,0.394202001000167
S102_002_00000013,fear,0.4122616110000763
S102_009_00000005,neutral,0.38919714899998326
S102_009_00000013,neutral,0.36491074500008835
S102_009_00000006,sad,0.3870296939999207
S102_009_00000002,neutral,0.39940678299990395
S102_001_00000002,neutral,0.4330860439999924
S102_001_00000013,sad,0.41396143999986634
S102_001_00000004,fear,0.42130382300001656
S102_001_00000015,happy,0.40693364799994924
S102_003_00000007,sad,0.38805451500002164
S102_003_00000014,fear,0.3904986069999268
S102_003_00000011,neutral,0.382920145000071
S102_003_00000004,neutral,0.37930561999996826
S086_002_00000004,fear,0.41574460300012106
S086_002_00000005,fear,0.40441100800012464
S086_002_00000011,happy,0.3862236329998723
S086_002_00000001,neutral,0.3832557820001057
S086_001_00000012,surprise,0.385903406999887
S086_001_00000003,fear,0.380654198000002
S086_001_00000008,fear,0.3917786439999418
S086_001_00000019,surprise,0.38810583999998016
S067_005_00000002,neutral,0.4080501500000082
S067_005_00000012,fear,0.3727697479998824
S067_005_00000021,fear,0.3674271200000021
S067_005_00000006,neutral,0.3755272870000681
S067_006_00000010,angry,0.3376392529999066
S067_006_00000004,fear,0.35834754799998336
S067_006_00000006,angry,0.33464518300002055
S067_006_00000001,fear,0.3742245319999711
S067_004_00000012,fear,0.3937667339998825
S067_004_00000015,neutral,0.37317174200006775
S067_004_00000021,sad,0.3693709099998159
S067_004_00000008,fear,0.3822102780000023
S067_002_00000006,neutral,0.37678091199995833
S067_002_00000014,fear,0.37494226900003014
S067_002_00000010,fear,0.37316443800000343
S067_002_00000003,fear,0.36901540700000623
S067_001_00000012,fear,0.3996875870000167
S067_001_00000006,fear,0.3763405370000328
S067_001_00000020,fear,0.37506596899993383
S067_001_00000009,fear,0.3721876639999664
S067_003_00000009,neutral,0.3640783650000685
S067_003_00000007,neutral,0.3655124070000966
S067_003_00000003,neutral,0.3649166890002107
S067_003_00000018,fear,0.3706674089999069
S107_005_00000005,sad,0.3583544460000212
S107_005_00000008,angry,0.327887482000051
S107_005_00000002,sad,0.3461575740000171
S107_005_00000001,sad,0.3513114620000124
S107_006_00000004,sad,0.3211612380000588
S107_006_00000001,sad,0.34705293599995457
S107_006_00000006,sad,0.32939688200008277
S107_006_00000009,fear,0.33885847900000954
S107_004_00000002,fear,0.3655763060000936
S107_004_00000003,sad,0.35340048099988053
S107_004_00000010,happy,0.36390800499998477
S107_004_00000005,sad,0.3470189189999928
S107_002_00000013,sad,0.3414230790001511
S107_002_00000002,fear,0.345512355999972
S107_002_00000010,happy,0.34040680299995074
S107_002_00000014,sad,0.34301105299982737
S107_001_00000004,sad,0.35328220199994576
S107_001_00000009,neutral,0.35839120099990396
S107_001_00000002,sad,0.3526859759999752
S107_001_00000010,surprise,0.35941292699999394
S107_003_00000014,angry,0.35923214900003586
S107_003_00000003,fear,0.3608750939999936
S107_003_00000019,fear,0.363557536999906
S107_003_00000011,sad,0.35625704099993527
S506_001_00000003,neutral,0.3871193029999631
S506_001_00000007,neutral,0.36587860500003444
S506_001_00000009,neutral,0.36923097899989443
S506_001_00000005,neutral,0.36167897199993604
S068_004_00000010,fear,0.3495134570000573
S068_004_00000005,fear,0.35154207400000814
S068_004_00000008,neutral,0.35029532099997596
S068_004_00000009,neutral,0.3557675739998558
S068_001_00000009,neutral,0.3852729679999811
S068_001_00000014,fear,0.3713070759999937
S068_001_00000016,fear,0.3761537739999312
S068_001_00000013,fear,0.36824119400012023
S136_005_00000007,neutral,0.3799612599998454
S136_005_00000005,fear,0.38275904800002536
S136_005_00000001,sad,0.38550887999986116
S136_005_00000009,neutral,0.37179429400021036
S136_006_00000007,neutral,0.3908591790000173
S136_006_00000009,sad,0.3805683759999283
S136_006_00000013,happy,0.3817443270002059
S136_006_00000015,happy,0.37410916100020586
S136_004_00000014,sad,0.3925528330000816
S136_004_00000004,sad,0.3868920630000048
S136_004_00000013,surprise,0.39268030900007034
S136_004_00000001,neutral,0.39395981200004826
S136_002_00000011,happy,0.41129206200002955
S136_002_00000008,sad,0.4010199189999639
S136_002_00000007,sad,0.40680211399990185
S136_002_00000005,sad,0.39127782399987154
S136_001_00000015,surprise,0.38469556600011856
S136_001_00000007,surprise,0.39473734400007743
S136_001_00000006,surprise,0.38948409599993283
S136_001_00000011,sad,0.39339141699997526
S136_003_00000004,neutral,0.40649975000019367
S136_003_00000009,fear,0.386017880000054
S136_003_00000012,sad,0.3878747960000055
S136_003_00000008,fear,0.3794724510000833
S104_002_00000020,happy,0.3624915450000117
S104_002_00000011,happy,0.3721487419998084
S104_002_00000014,happy,0.3687602599998172
S104_002_00000007,neutral,0.37473233900004743
S104_001_00000018,happy,0.3909472159998586
S104_001_00000004,neutral,0.3782094919999963
S104_001_00000013,happy,0.3660703259999991
S104_001_00000012,happy,0.3649312430000009
S104_003_00000006,neutral,0.3844732849997854
S104_003_00000004,neutral,0.3900537479999002
S104_003_00000002,neutral,0.38412403900019854
S104_003_00000001,neutral,0.38295066299997416
S073_005_00000004,fear,0.39451200899998184
S073_005_00000015,fear,0.4021425720000025
S073_005_00000017,fear,0.3956039389997841
S073_005_00000003,fear,0.38434454399998685
S073_006_00000006,neutral,0.3725627720000375
S073_006_00000009,neutral,0.38033697200012284
S073_006_00000011,neutral,0.3790513960000226
S073_006_00000010,angry,0.3730915900000582
S073_004_00000002,neutral,0.4082997199998317
S073_004_00000008,fear,0.409869295000135
S073_004_00000014,fear,0.3937190429999191
S073_004_00000001,neutral,0.3977048039998863
S073_002_00000005,sad,0.376718247999861
S073_002_00000007,fear,0.3792405829999552
S073_002_00000020,happy,0.3887193989999105
S073_002_00000011,happy,0.3855136690001473
S073_001_00000012,surprise,0.4257651679999981
S073_001_00000003,neutral,0.38188736699999026
S073_001_00000008,sad,0.3916508410000006
S073_001_00000004,neutral,0.3761843659999613
S073_003_00000025,fear,0.37503382799991414
S073_003_00000015,neutral,0.38206830500007527
S073_003_00000021,fear,0.3801940900000318
S073_003_00000003,neutral,0.37833594600010656
S060_002_00000021,neutral,0.4053063320000092
S060_002_00000018,happy,0.38310401500007174
S060_002_00000015,happy,0.38626567799997247
S060_002_00000008,happy,0.3899790570001187
S060_001_00000020,neutral,0.3676093859999128
S060_001_00000007,neutral,0.38435757399997783
S060_001_00000011,neutral,0.3850616639999771
S060_001_00000012,neutral,0.3803605709999829
S060_003_00000017,neutral,0.4165867570000046
S060_003_00000011,neutral,0.39710768100007954
S060_003_00000009,neutral,0.3942378980000285
S060_003_00000016,neutral,0.39499660899991795
S503_006_00000001,fear,0.392323271000123
S503_006_00000014,sad,0.3894456040000023
S503_006_00000003,fear,0.402476285000148
S503_006_00000015,fear,0.38869808000004014
S503_002_00000003,neutral,0.4052052239999284
S503_002_00000004,neutral,0.38592076000009
S503_002_00000008,neutral,0.39254462200005946
S503_002_00000005,neutral,0.3899659200001224
S503_001_00000011,neutral,0.3950596160000259
S503_001_00000046,sad,0.3817254600000979
S503_001_00000060,angry,0.38252385600003436
S503_001_00000018,neutral,0.40325646299993423
S032_005_00000015,angry,0.3711141359999601
S032_005_00000010,surprise,0.3576262090000455
S032_005_00000007,fear,0.3672771150002063
S032_005_00000008,neutral,0.3606267330001174
S032_006_00000013,happy,0.35892111799989834
S032_006_00000014,happy,0.36032884800010834
S032_006_00000016,happy,0.3595805200000086
S032_006_00000015,happy,0.35888535000003685
S032_004_00000013,happy,0.3880603840000276
S032_004_00000006,neutral,0.36918152999987797
S032_004_00000007,neutral,0.3713650189999953
S032_004_00000011,sad,0.3677687459999106
S032_002_00000013,fear,0.3697272960000646
S032_002_00000005,fear,0.3717409879998286
S032_002_00000003,neutral,0.37429388700002164
S032_002_00000009,neutral,0.37568717800013474
S032_001_00000021,fear,0.4065335100001448
S032_001_00000015,neutral,0.39488821100007954
S032_001_00000009,fear,0.3822093279998171
S032_001_00000005,neutral,0.37055207799994605
S032_003_00000013,angry,0.36305980099996304
S032_003_00000003,fear,0.367361437999989
S032_003_00000004,neutral,0.36873970300007386
S032_003_00000011,neutral,0.3653284669999266
S028_001_00000006,neutral,0.35535699999991266
S028_001_00000023,neutral,0.3324015569999119
S028_001_00000008,neutral,0.33840150800006086
S028_001_00000001,neutral,0.3448818580000079
S094_004_00000003,neutral,0.37363117800009604
S094_004_00000002,neutral,0.3729478589998507
S094_004_00000010,sad,0.3734839799999463
S094_004_00000011,fear,0.36972342499984734
S094_001_00000008,neutral,0.4178959770001711
S094_001_00000010,sad,0.39183726500004923
S094_001_00000002,neutral,0.3811473279999973
S094_001_00000001,neutral,0.37316428899998755
S094_003_00000005,neutral,0.3699433530000533
S094_003_00000007,neutral,0.34517533200005346
S094_003_00000009,neutral,0.34709847099998115
S094_003_00000004,neutral,0.3779514109999127
S069_005_00000003,neutral,0.3761707590001606
S069_005_00000007,neutral,0.34715284999992946
S069_005_00000010,neutral,0.3242756269999063
S069_005_00000021,neutral,0.32143581600007565
S069_004_00000001,neutral,0.3500991979999526
S069_004_00000013,happy,0.33889183899987074
S069_004_00000004,neutral,0.3479030240000611
S069_004_00000007,neutral,0.3448831229998177
S069_002_00000011,surprise,0.38060226699985833
S069_002_00000004,neutral,0.3575106920000053
S069_002_00000008,neutral,0.36379514000009294
S069_002_00000013,surprise,0.3509841410000263
S069_001_00000005,neutral,0.3211060200001157
S069_001_00000010,neutral,0.33697181799993814
S069_001_00000004,neutral,0.33870492599999125
S069_001_00000002,neutral,0.34883258100012426
S069_003_00000002,neutral,0.36624284200001966
S069_003_00000003,neutral,0.3524386090000462
S069_003_00000010,angry,0.32302803699985816
S069_003_00000007,neutral,0.33732676599993283
S155_002_00000004,sad,0.37254854100001467
S155_002_00000002,sad,0.3668836699998792
S155_002_00000009,fear,0.369098299000143
S155_002_00000007,neutral,0.3667257029999291
S053_004_00000011,neutral,0.40113614300003064
S053_004_00000005,neutral,0.379784207000057
S053_004_00000003,neutral,0.3627336819999982
S053_004_00000022,happy,0.37909447099991667
S053_001_00000012,fear,0.3996149820000028
S053_001_00000017,fear,0.39187500800017006
S053_001_00000002,neutral,0.36640585700001793
S053_001_00000004,neutral,0.3710887960000946
S053_003_00000002,neutral,0.39476906999993844
S053_003_00000004,neutral,0.382257091999918
S053_003_00000008,neutral,0.38354097000001275
S053_003_00000006,neutral,0.38228203599987864
S022_005_00000021,sad,0.3538452539999071
S022_005_00000013,sad,0.35280983400002697
S022_005_00000032,sad,0.3513173729998016
S022_005_00000002,sad,0.35164387999998326
S022_002_00000008,neutral,0.3710349610000776
S022_002_00000014,sad,0.3618205269999635
S022_002_00000011,happy,0.35772742300014215
S022_002_00000004,neutral,0.3559087650000947
S022_001_00000030,surprise,0.35489134799991007
S022_001_00000027,neutral,0.3627649389998169
S022_001_00000004,sad,0.3568556320001335
S022_001_00000023,neutral,0.3656531240001186
S022_003_00000025,happy,0.3704105829999662
S022_003_00000028,happy,0.3624363589999575
S022_003_00000001,neutral,0.35441742700004397
S022_003_00000006,neutral,0.3498827399998845
S160_006_00000007,fear,0.3695626569999604
S160_006_00000006,fear,0.36779028000000835
S160_006_00000002,fear,0.37262685900009274
S160_006_00000005,fear,0.3731608860000506
S010_005_00000011,angry,0.36086093499989147
S010_005_00000004,angry,0.3457772109998132
S010_005_00000007,angry,0.5900555189998613
S010_005_00000015,angry,0.3409307830002035
S010_004_00000009,neutral,0.33547430599992367
S010_004_00000001,angry,0.3433297499998389
S010_004_00000015,neutral,0.3349069920000147
S010_004_00000017,neutral,0.33347311600005014
S010_001_00000013,happy,0.36911901500002386
S010_001_00000004,happy,0.34531522100019174
S010_001_00000006,happy,0.35606395800004975
S010_001_00000012,happy,0.3506703570001264
S010_003_00000013,angry,0.3403279920000841
S010_003_00000002,neutral,0.34535823200008053
S010_003_00000007,neutral,0.34344142500003727
S010_003_00000004,neutral,0.34458039399987683
S054_004_00000006,neutral,0.38144514999999046
S054_004_00000024,angry,0.355523218999906
S054_004_00000014,angry,0.3607004529999358
S054_004_00000019,angry,0.35476136499983113
S054_002_00000008,neutral,0.369286860000102
S054_002_00000015,neutral,0.38431619400012096
S054_002_00000013,neutral,0.38648931400007314
S054_002_00000006,neutral,0.3686754739999287
S054_001_00000015,happy,0.38780600599989157
S054_001_00000013,happy,0.37052664399993773
S054_001_00000014,happy,0.37132927299990115
S054_001_00000001,neutral,0.37256817200000114
S054_003_00000005,neutral,0.38093791000005695
S054_003_00000004,fear,0.3742467720001059
S054_003_00000003,neutral,0.36654965800016726
S054_003_00000001,neutral,0.3641682600000422
S066_005_00000011,sad,0.394939599999816
S066_005_00000010,neutral,0.38126845599981607
S066_005_00000002,neutral,0.39490877899993393
S066_005_00000009,neutral,0.3768074490001254
S066_004_00000009,neutral,0.3961507869998968
S066_004_00000001,neutral,0.3984351179999521
S066_004_00000008,neutral,0.39714034299981904
S066_004_00000005,neutral,0.38954468699989775
S066_002_00000004,neutral,0.41101694300004965
S066_002_00000016,neutral,0.39904046900005596
S066_002_00000007,neutral,0.40578980400005094
S066_002_00000008,neutral,0.39801160899992283
S066_001_00000002,neutral,0.3896767000001091
S066_001_00000006,neutral,0.37942546999988735
S066_001_00000009,happy,0.38354174899995996
S066_001_00000008,happy,0.3778430759998628
S066_003_00000009,neutral,0.3794267549999404
S066_003_00000007,neutral,0.37459674199999426
S066_003_00000008,neutral,0.36532971100018585
S066_003_00000011,happy,0.38120875499998874
S089_002_00000016,happy,0.37399078499993266
S089_002_00000018,happy,0.3676609550000194
S089_002_00000007,neutral,0.368779528999994
S089_002_00000008,neutral,0.36403752299997905
S130_012_00000006,angry,0.38340283799993813
S130_012_00000002,sad,0.3839952829998765
S130_012_00000007,sad,0.37035787500008155
S130_012_00000003,sad,0.36836871099990276
S130_005_00000003,sad,0.38019994899991616
S130_005_00000002,neutral,0.3924289569999928
S130_005_00000008,angry,0.3781080479998309
S130_005_00000006,neutral,0.42043886999999813
S130_008_00000016,neutral,0.42424299399999654
S130_008_00000017,neutral,0.3914379770001233
S130_008_00000012,neutral,0.38891280200004985
S130_008_00000014,neutral,0.38703856899996936
S130_006_00000016,angry,0.37458970500006217
S130_006_00000031,neutral,0.37460561100010636
S130_006_00000017,angry,0.3756424749999496
S130_006_00000002,neutral,0.376540709999972
S130_004_00000014,neutral,0.38598864700020385
S130_004_00000003,neutral,0.37356273299997156
S130_004_00000005,angry,0.3700946680000925
S130_004_00000007,neutral,0.36498879299983855
S130_007_00000015,neutral,0.364741623999862
S130_007_00000004,sad,0.3652465829998164
S130_007_00000014,sad,0.3693200220000108
S130_007_00000016,sad,0.3584007130000373
S130_002_00000026,neutral,0.3831664620001902
S130_002_00000028,happy,0.37438906600004884
S130_002_00000015,angry,0.35530479099998047
S130_002_00000025,angry,0.3637831889998324
S130_013_00000003,neutral,0.36595371199996407
S130_013_00000012,happy,0.3505129120001129
S130_013_00000015,happy,0.3484889870001098
S130_013_00000011,happy,0.35246442799984834
S130_009_00000003,angry,0.3762655939999604
S130_009_00000019,sad,0.37174257099991337
S130_009_00000006,sad,0.36339436900016153
S130_009_00000001,sad,0.3621728009998151
S130_001_00000006,neutral,0.3781776739999714
S130_001_00000003,neutral,0.365674768999952
S130_001_00000004,sad,0.3712832300000173
S130_001_00000005,neutral,0.36825522200001615
S130_003_00000013,happy,0.3804735599999276
S130_003_00000024,happy,0.36777404400004343
S130_003_00000001,neutral,0.37227356200014583
S130_003_00000015,happy,0.36256344599996737
S133_010_00000007,neutral,0.3601603239999349
S133_010_00000003,neutral,0.363635406999947
S133_010_00000006,neutral,0.36570182099990234
S133_010_00000010,happy,0.3583552579998468
S133_004_00000011,neutral,0.3772415630000978
S133_004_00000015,neutral,0.36376947899998413
S133_004_00000001,neutral,0.3685802759998751
S133_004_00000010,sad,0.3610695330000908
S133_002_00000020,sad,0.36154532199998357
S133_002_00000002,sad,0.35984002500003953
S133_002_00000004,sad,0.36873432900006264
S133_002_00000011,sad,0.35949098099990806
S133_009_00000005,sad,0.3864891749999515
S133_009_00000002,sad,0.36547371899996506
S133_009_00000003,sad,0.3709917260000566
S133_009_00000004,sad,0.37084134799988533
S133_001_00000009,sad,0.3641586969999935
S133_001_00000020,happy,0.3632279829998879
S133_001_00000014,happy,0.3694746670000768
S133_001_00000018,neutral,0.36243132999993577
S133_003_00000031,neutral,0.35749043000009806
S133_003_00000003,sad,0.3659591060002185
S133_003_00000013,neutral,0.36750794299996414
S133_003_00000008,neutral,0.3630835980000029
S118_004_00000004,neutral,0.3911405730000297
S118_004_00000001,fear,0.40139308399989204
S118_004_00000002,neutral,0.39029459800008226
S118_004_00000005,neutral,0.3977534549999291
S118_003_00000001,neutral,0.39258488199993735
S118_003_00000007,sad,0.37843388700002834
S118_003_00000003,neutral,0.3861053489999904
S118_003_00000012,angry,0.3760022609999396
S014_002_00000006,sad,0.3495100679999723
S014_002_00000002,neutral,0.36497019300009015
S014_002_00000001,neutral,0.3674999110000954
S014_002_00000016,angry,0.36505738799996834
S014_001_00000015,neutral,0.3799408319998747
S014_001_00000009,neutral,0.36696265099999437
S014_001_00000003,neutral,0.37576637400002255
S014_001_00000028,angry,0.39062018899994655
S014_003_00000008,neutral,0.3644020920000912
S014_003_00000029,sad,0.35364602799995737
S014_003_00000012,neutral,0.3687987509999857
S014_003_00000011,neutral,0.3643156089999593
S011_005_00000016,angry,0.3708705829999417
S011_005_00000011,neutral,0.3580503260000114
S011_005_00000006,neutral,0.36659225400012474
S011_005_00000010,neutral,0.3599072099998466
S011_006_00000010,happy,0.361119293999991
S011_006_00000005,neutral,0.3647768890000407
S011_006_00000006,neutral,0.36400216800007
S011_006_00000009,happy,0.38395970400006263
S011_004_00000012,neutral,0.3695786490000046
S011_004_00000004,neutral,0.36705377799989947
S011_004_00000005,neutral,0.37865733899980114
S011_004_00000002,neutral,0.3687122889998591
S011_002_00000006,neutral,0.3683965679999801
S011_002_00000019,neutral,0.36823723199995584
S011_002_00000003,neutral,0.3773023319999993
S011_002_00000021,neutral,0.37061801699996977
S011_001_00000001,neutral,0.38941303399997196
S011_001_00000010,surprise,0.3739830020001591
S011_001_00000004,neutral,0.3815113109999402
S011_001_00000006,neutral,0.3767808760001117
S091_002_00000001,angry,0.3910622079999939
S091_002_00000004,neutral,0.3902373579999221
S091_002_00000003,neutral,0.3904731929999343
S091_002_00000002,neutral,0.3946368809999967
S091_001_00000002,neutral,0.3918184359999941
S091_001_00000004,fear,0.3781041119998463
S091_001_00000003,neutral,0.3857676119998814
S091_001_00000008,angry,0.3747729129997879
S091_003_00000015,happy,0.36916186300004483
S091_003_00000021,happy,0.36397280799997134
S091_003_00000006,neutral,0.3646215399999164
S091_003_00000011,happy,0.36733685299986973
S075_005_00000006,neutral,0.3828227720000541
S075_005_00000004,neutral,0.37190406900003836
S075_005_00000002,neutral,0.3831052539999291
S075_005_00000005,neutral,0.3733371430000716
S075_008_00000010,sad,0.37244540100004997
S075_008_00000003,fear,0.37966205199995784
S075_008_00000012,fear,0.3757056429999466
S075_008_00000011,fear,0.3748335299999326
S075_006_00000024,happy,0.3801215380001395
S075_006_00000014,happy,0.3582633670000632
S075_006_00000017,happy,0.3740450329999021
S075_006_00000025,happy,0.36809057599998596
S075_004_00000008,fear,0.39098488800004816
S075_004_00000007,fear,0.38883760199996686
S075_004_00000010,neutral,0.38578116700000464
S075_004_00000005,fear,0.38628505699989546
S075_007_00000011,fear,0.4017385300001024
S075_007_00000015,fear,0.3869153069999811
S075_007_00000013,neutral,0.39216150499987634
S075_007_00000022,fear,0.384525788000019
S075_002_00000013,surprise,0.396001662000117
S075_002_00000002,neutral,0.380169677999902
S075_002_00000005,fear,0.37918677799984835
S075_002_00000009,fear,0.3820487140001205
S075_001_00000011,neutral,0.397223072000088
S075_001_00000002,neutral,0.4044672420000097
S075_001_00000005,neutral,0.3822540859998753
S075_001_00000008,neutral,0.37632669200002056
S075_003_00000001,neutral,0.37392775599982997
S075_003_00000003,fear,0.37280436799983363
S075_003_00000004,fear,0.37239426399992226
S075_003_00000002,neutral,0.37365325000018856
S092_004_00000007,neutral,0.810112264000054
S092_004_00000001,neutral,0.39587796299997535
S092_004_00000024,happy,0.3828543399999944
S092_004_00000016,happy,0.3742789929999617
S092_002_00000008,neutral,0.39797973000008824
S092_002_00000006,neutral,0.4071055519998481
S092_002_00000005,neutral,0.4120912400001089
S092_002_00000002,neutral,0.4095229549998294
S092_001_00000003,neutral,0.41600654100011525
S092_001_00000017,surprise,0.4155862539998907
S092_001_00000008,sad,0.40609136300008686
S092_001_00000009,sad,0.4167857349998485
S092_003_00000004,neutral,0.3973056130000714
S092_003_00000005,neutral,0.396794527999873
S092_003_00000007,neutral,0.3897699520000515
S092_003_00000006,neutral,0.3942681730000004
S129_012_00000007,neutral,0.39638336799998797
S129_012_00000004,neutral,0.38951258900010544
S129_012_00000001,neutral,0.3907941719999144
S129_012_00000002,neutral,0.3870293969998784
S129_005_00000015,neutral,0.4109029730000202
S129_005_00000004,neutral,0.403407093999931
S129_005_00000009,neutral,0.3997001810000711
S129_005_00000019,angry,0.40410363999990295
S129_006_00000001,neutral,0.40683439099984753
S129_006_00000007,neutral,0.3789013640000576
S129_006_00000005,neutral,0.3785711620000711
S129_006_00000002,neutral,0.3825112260001333
S129_004_00000002,neutral,0.3930316389999007
S129_004_00000009,neutral,0.39459824300001856
S129_004_00000005,neutral,0.39723275599999397
S129_004_00000014,neutral,0.38999654799999917
S129_007_00000002,neutral,0.4105384839999715
S129_007_00000001,neutral,0.37881828499985204
S129_007_00000003,fear,0.3922795450000649
S129_007_00000004,surprise,0.3858531959999709
S129_002_00000004,neutral,0.38325895799994214
S129_002_00000009,neutral,0.3827632279999307
S129_002_00000006,neutral,0.3831365679998271
S129_002_00000002,neutral,0.38502791199994135
S129_001_00000003,fear,0.39266586300004747
S129_001_00000001,sad,0.37992753699995774
S129_001_00000005,fear,0.3690397349998875
S129_001_00000002,sad,0.37019104999990304
S129_003_00000002,neutral,0.3714303500000824
S129_003_00000013,happy,0.3696960930001296
S129_003_00000015,neutral,0.3807917939998333
S129_003_00000022,happy,0.34718050400010725
S129_011_00000014,angry,0.3687217199999395
S129_011_00000001,neutral,0.37035449900008643
S129_011_00000008,neutral,0.35739115100000163
S129_011_00000013,angry,0.33941947300013453
S042_005_00000015,disgust,0.32985595199988893
S042_005_00000003,neutral,0.3503870070001085
S042_005_00000009,neutral,0.3552308410000933
S042_005_00000006,neutral,0.34918230100015535
S042_006_00000011,happy,0.3739076470001237
S042_006_00000002,neutral,0.35725106700010656
S042_006_00000003,sad,0.35608687900003133
S042_006_00000016,happy,0.3450746619998881
S042_004_00000017,neutral,0.3431606430001466
S042_004_00000018,neutral,0.3300153650000084
S042_004_00000015,fear,0.33428464799999347
S042_004_00000012,neutral,0.35402463000013995
S042_002_00000016,sad,0.36259487300003457
S042_002_00000006,neutral,0.35641804700003377
S042_002_00000003,neutral,0.35559408999984043
S042_002_00000010,sad,0.354111752000108
S042_001_00000014,neutral,0.3547471070000938
S042_001_00000011,sad,0.35486335300015526
S042_001_00000019,angry,0.35308529299982183
S042_001_00000018,angry,0.3604771489999621
S042_003_00000006,neutral,0.37768354600007115
S042_003_00000014,neutral,0.36285595899994405
S042_003_00000011,sad,0.35910846600017976
S042_003_00000007,neutral,0.35394079100001363
S072_005_00000008,angry,0.36829189800005224
S072_005_00000005,neutral,0.3697299830000702
S072_005_00000009,sad,0.3652457850000701
S072_005_00000006,neutral,0.3712778960000378
S072_004_00000002,neutral,0.388225544000079
S072_004_00000007,sad,0.3844490290000522
S072_004_00000008,angry,0.40415315100017324
S072_004_00000001,neutral,0.3683412870000211
S072_002_00000006,neutral,0.3711700680000831
S072_002_00000008,sad,0.3726507760000004
S072_002_00000007,neutral,0.3733477530001892
S072_002_00000009,neutral,0.3751765129998148
S072_001_00000013,neutral,0.38662203700005193
S072_001_00000003,neutral,0.36797490799995103
S072_001_00000008,neutral,0.3673230640001748
S072_001_00000017,neutral,0.3691955849999431
S072_003_00000001,fear,0.37784334600019065
S072_003_00000008,neutral,0.38350703599985536
S072_003_00000012,neutral,0.38579444199990576
S072_003_00000005,neutral,0.3884581979998529
S078_005_00000015,sad,0.3718133190000117
S078_005_00000016,sad,0.3560311429998819
S078_005_00000017,angry,0.35750235700015764
S078_005_00000007,neutral,0.35528327999986686
S078_006_00000020,neutral,0.3610997739999675
S078_006_00000017,neutral,0.3701003190001302
S078_006_00000009,fear,0.3677133999999569
S078_006_00000001,neutral,0.3761028689998511
S078_004_00000002,fear,0.3786492950000593
S078_004_00000005,sad,0.35633737399984966
S078_004_00000026,sad,0.3455917449998651
S078_004_00000008,happy,0.34294338199993035
S078_007_00000008,angry,0.32873223900014636
S078_007_00000002,fear,0.3563852270001462
S078_007_00000005,angry,0.3469459060002009
S078_007_00000006,sad,0.34212203800007046
S078_002_00000009,sad,0.36217100699991533
S078_002_00000002,sad,0.3476789659998758
S078_002_00000005,sad,0.33441298899992944
S078_002_00000013,sad,0.33807036200005314
S078_001_00000011,fear,0.3606505489999563
S078_001_00000001,neutral,0.349575920999996
S078_001_00000015,sad,0.39765575000001263
S078_001_00000010,fear,0.36228478399993946
S078_003_00000012,neutral,0.3742244469999605
S078_003_00000008,neutral,0.35949891300015224
S078_003_00000015,neutral,0.34493475399995077
S078_003_00000007,neutral,0.3562566709999828
S148_002_00000010,neutral,0.35481018000018594
S148_002_00000013,neutral,0.3585393609998846
S148_002_00000006,neutral,0.3635611560000598
S148_002_00000012,neutral,0.35580885799981843
S135_004_00000005,sad,0.39733231200011687
S135_004_00000005,sad,0.38607721600010336
S135_001_00000001,neutral,0.3696912389998488
S135_001_00000016,angry,0.37600928300003034
S135_001_00000014,angry,0.39757292300009794
S135_001_00000008,neutral,0.37081109900009324
S058_005_00000001,neutral,0.35881749899999704
S058_005_00000009,fear,0.36173439599997437
S058_005_00000007,neutral,0.3887795550001556
S058_005_00000010,angry,0.36435994899989055
S058_006_00000004,neutral,0.37388132599994606
S058_006_00000013,angry,0.34337160700010827
S058_006_00000003,neutral,0.39574431500000173
S058_006_00000014,angry,0.5038400839998758
S058_002_00000020,happy,0.3701551230001314
S058_002_00000021,happy,0.37117058700005146
S058_002_00000013,happy,0.4046888000000308
S058_002_00000003,neutral,0.37570669000001544
S058_001_00000011,surprise,0.39956574400002864
S058_001_00000015,sad,0.3975723029998335
S058_001_00000001,neutral,0.3717145049999999
S058_001_00000016,surprise,0.3882409509999434
S058_003_00000011,neutral,0.36027874699993845
S058_003_00000008,neutral,0.3596232989998498
S058_003_00000002,fear,0.3813846080001895
S058_003_00000012,sad,0.36322935899988806
S095_005_00000005,sad,0.3711003969999638
S095_005_00000011,sad,0.3879182059999948
S095_005_00000001,neutral,0.40250259300000835
S095_005_00000010,sad,0.3827025229998071
S095_006_00000010,disgust,0.3385917089999566
S095_006_00000006,neutral,0.3661579239999355
S095_006_00000004,neutral,0.3934091669998452
S095_006_00000011,disgust,0.3409762539999974
S095_007_00000008,neutral,0.37458542600006695
S095_007_00000017,happy,0.36173764800014396
S095_007_00000016,happy,0.3586868970000978
S095_007_00000018,fear,0.35832853099987005
S095_002_00000002,fear,0.37939911700004814
S095_002_00000004,neutral,0.37882859199999075
S095_002_00000009,sad,0.4066587580000487
S095_002_00000010,sad,0.38813045899996723
S095_001_00000009,sad,0.39203091800004586
S095_001_00000005,fear,0.38664456300011807
S095_001_00000003,neutral,0.3783615039999404
S095_001_00000014,neutral,0.39007950800009894
S095_003_00000010,sad,0.3854761329998837
S095_003_00000009,neutral,0.38500735600018743
S095_003_00000004,fear,0.41371918100003313
S095_003_00000001,fear,0.3954775460001656
S137_005_00000003,neutral,0.3598659310000585
S137_005_00000025,neutral,0.3668078489999971
S137_005_00000022,neutral,0.3684294160000263
S137_005_00000001,neutral,0.35793023699989135
S137_004_00000001,neutral,0.36898587499990754
S137_004_00000006,neutral,0.3770219719999659
S137_004_00000005,neutral,0.41828407299999526
S137_004_00000002,neutral,0.37710184599995955
S137_002_00000003,neutral,0.36451250599998275
S137_002_00000010,neutral,0.36439170599987847
S137_002_00000011,neutral,0.3669459679999818
S137_002_00000015,neutral,0.3634811560000344
S097_006_00000011,sad,0.36986825300004966
S097_006_00000001,neutral,0.3799612379998507
S097_006_00000018,sad,0.3997498999999607
S097_006_00000009,happy,0.3747939789998327
S097_004_00000006,neutral,0.3477776869999616
S097_004_00000021,sad,0.3485794339999302
S097_004_00000001,neutral,0.36094790299989654
S097_004_00000007,sad,0.3513829109999733
S097_003_00000006,neutral,0.3805303950000507
S097_003_00000014,neutral,0.37768717100016147
S097_003_00000031,angry,0.4059999969999808
S097_003_00000046,sad,0.3872404080000251
S062_005_00000027,happy,0.3414950180001597
S062_005_00000009,happy,0.35452544000008857
S062_005_00000015,angry,0.339419818000124
S062_005_00000026,happy,0.3368075809999027
S062_004_00000021,happy,0.35527286699993965
S062_004_00000014,happy,0.3563975350000419
S062_004_00000018,happy,0.384130672000083
S062_004_00000002,neutral,0.366351854000186
S062_002_00000003,neutral,0.35471364099998937
S062_002_00000006,happy,0.36473632199999884
S062_002_00000014,sad,0.37599624800009224
S062_002_00000009,surprise,0.36750881200009644
S062_001_00000006,neutral,0.36159375000011096
S062_001_00000002,surprise,0.3775858239998797
S062_001_00000012,angry,0.4164842789998602
S062_001_00000013,surprise,0.3745439899998928
S062_003_00000011,neutral,0.35828234099994916
S062_003_00000023,neutral,0.36392236200003936
S062_003_00000009,happy,0.3597340589999476
S062_003_00000020,neutral,0.3573530670000764
S112_005_00000005,sad,0.3573053949999121
S112_005_00000004,sad,0.3641194080000787
S112_005_00000012,neutral,0.36964699100008147
S112_005_00000015,neutral,0.34215539699994224
S112_004_00000003,sad,0.367153043999906
S112_004_00000010,happy,0.37070699499986404
S112_004_00000004,neutral,0.36969451899994965
S112_004_00000002,sad,0.3688386779999746
S112_002_00000002,neutral,0.36584969699993053
S112_002_00000010,sad,0.3630763440000919
S112_002_00000007,sad,0.38926620200004436
S112_002_00000006,sad,0.38128180000012435
S112_001_00000019,sad,0.3622782319998805
S112_001_00000021,sad,0.35735323399990193
S112_001_00000006,sad,0.3637718830000267
S112_001_00000020,sad,0.3605668269999569
S112_003_00000002,sad,0.37967080199996417
S112_003_00000010,sad,0.38499063400013256
S112_003_00000005,sad,0.4029167359999519
S112_003_00000013,sad,0.3965342409999266
S050_006_00000022,neutral,0.33983722800007854
S050_006_00000009,fear,0.35139021500003764
S050_006_00000021,happy,0.3421368379999876
S050_006_00000013,happy,0.3405857790000937
S050_003_00000015,fear,0.3515454509999927
S050_003_00000018,fear,0.3522918729997855
S050_003_00000014,fear,0.3745523739999044
S050_003_00000003,fear,0.3595369130000563
S088_004_00000013,angry,0.34466241500012984
S088_004_00000010,angry,0.35193038300008084
S088_004_00000009,angry,0.35544194499993864
S088_004_00000002,neutral,0.3664431560000594
S088_002_00000006,happy,0.37666618000002927
S088_002_00000011,happy,0.384115551999912
S088_002_00000010,happy,0.40219343300009314
S088_002_00000002,neutral,0.3820962289998988
S088_001_00000004,neutral,0.3642994680001266
S088_001_00000013,surprise,0.39200472400011677
S088_001_00000008,neutral,0.3717486170000939
S088_001_00000006,neutral,0.3642412990000139
S088_003_00000005,neutral,0.3722095650000483
S088_003_00000006,neutral,0.37714339500007554
S088_003_00000016,neutral,0.4030128889999105
S088_003_00000002,neutral,0.38238008999996964
S134_008_00000001,neutral,0.3597058969999125
S134_008_00000008,sad,0.3396024779999607
S134_008_00000009,sad,0.34542366100004074
S134_008_00000003,sad,0.35710263400005715
S134_004_00000005,happy,0.35088376599992444
S134_004_00000008,happy,0.3465892869999152
S134_004_00000004,happy,0.3700146040000618
S134_004_00000014,happy,0.3587406540000302
S134_002_00000007,sad,0.3765824279998924
S134_002_00000017,angry,0.3912577380001494
S134_002_00000002,neutral,0.5280044720000205
S134_002_00000005,sad,0.38375943100004406
S134_001_00000018,neutral,0.37937824799996633
S134_001_00000019,neutral,0.3806462479999482
S134_001_00000013,neutral,0.40165506600010303
S134_001_00000017,neutral,0.39001316000008046
S134_003_00000004,neutral,0.355472539999937
S134_003_00000011,sad,0.3435051910000766
S134_003_00000005,neutral,0.3558074800000668
S134_003_00000003,neutral,0.355883920999986
S071_005_00000015,happy,0.3765171309999005
S071_005_00000021,happy,0.3835170229999676
S071_005_00000013,happy,0.40165056199998617
S071_005_00000017,happy,0.3883757789999436
S071_006_00000009,angry,0.3668711650000205
S071_006_00000002,neutral,0.3970754490001127
S071_006_00000001,neutral,0.3956374899998991
S071_006_00000013,disgust,0.3670545579998361
S071_004_00000011,neutral,0.3907629820000693
S071_004_00000001,neutral,0.3872142289999374
S071_004_00000020,neutral,0.4141888920000838
S071_004_00000004,neutral,0.3975626660001126
S071_002_00000010,sad,0.39262553800017486
S071_002_00000001,neutral,0.40020654599993577
S071_002_00000008,neutral,0.3910273789999792
S071_002_00000016,sad,0.3879094010001154
S071_001_00000001,fear,0.39363034300004074
S071_001_00000010,neutral,0.4148690050001278
S071_001_00000012,surprise,0.43068386699997063
S071_001_00000011,surprise,0.4042656070000703
S071_003_00000004,neutral,0.3911508789999516
S071_003_00000005,neutral,0.40947157899995545
S071_003_00000014,neutral,0.37895378600001095
S071_003_00000007,neutral,0.39420663500004594
S132_005_00000013,angry,0.32301384800007327
S132_005_00000010,neutral,0.33887357699995846
S132_005_00000011,neutral,0.36270780100016964
S132_005_00000003,neutral,0.3514764220001325
S132_008_00000010,neutral,0.3663897259998521
S132_008_00000001,fear,0.35016481399998156
S132_008_00000008,neutral,0.35177912000017386
S132_008_00000006,fear,0.3515495459998874
S132_006_00000009,happy,0.3271212260001448
S132_006_00000017,happy,0.3407952700001715
S132_006_00000002,sad,0.35949786900005165
S132_006_00000014,happy,0.3430134640000233
S132_004_00000008,neutral,0.3542099799999505
S132_004_00000004,happy,0.36508451600002445
S132_004_00000001,sad,0.35237218900010703
S132_004_00000005,fear,0.3487714059999689
S132_007_00000010,happy,0.33298060199990687
S132_007_00000005,happy,0.3423994600000242
S132_007_00000003,happy,0.36278780100019503
S132_007_00000008,happy,0.34497365800007174
S132_002_00000004,neutral,0.34565726099981475
S132_002_00000016,fear,0.3418513050000911
S132_002_00000001,sad,0.35376968900004613
S132_002_00000018,sad,0.3392784229999961
S132_001_00000006,fear,0.34393632700016497
S132_001_00000001,fear,0.3743143740000505
S132_001_00000009,sad,1.500682599000129
S132_001_00000010,fear,0.3463381130000016
S132_003_00000016,fear,0.35626038600003085
S132_003_00000002,fear,0.3703299200001311
S132_003_00000010,fear,0.34811255699992216
S132_003_00000021,happy,0.3536667690000286
S106_005_00000014,sad,0.34371503599982134
S106_005_00000019,sad,0.3583039100001315
S106_005_00000027,sad,0.38077304900002673
S106_005_00000030,sad,0.3626958459999514
S106_006_00000009,happy,0.3528337540001303
S106_006_00000001,neutral,0.3685229140000956
S106_006_00000004,neutral,0.3598733810001704
S106_006_00000002,neutral,0.3642627490000905
S106_004_00000001,neutral,0.36529732100007095
S106_004_00000005,sad,0.3416321469999275
S106_004_00000002,fear,0.375137918000064
S106_004_00000008,angry,0.3372895059999337
S106_007_00000003,neutral,0.35372456499999316
S106_007_00000014,happy,0.34230336500013436
S106_007_00000005,neutral,0.3595531220000794
S106_007_00000012,happy,0.3425976519999949
S106_002_00000006,sad,0.3529361719999997
S106_002_00000012,sad,0.35783362600000146
S106_002_00000008,sad,0.36967630900016957
S106_002_00000003,neutral,0.3730348500000673
S106_001_00000012,angry,0.36041471799990177
S106_001_00000009,sad,0.34832979399993746
S106_001_00000016,surprise,0.3813031970000793
S106_001_00000001,neutral,0.3557985180000287
S106_003_00000007,neutral,0.3731243039999299
S106_003_00000008,neutral,0.37439157000017076
S106_003_00000009,neutral,0.39464522000002944
S106_003_00000001,neutral,0.37258869900006175
S065_004_00000021,happy,0.35164332299996204
S065_004_00000004,neutral,0.3657218079999893
S065_004_00000017,happy,0.3538344110002072
S065_004_00000020,happy,0.35334108899996863
S035_002_00000005,neutral,0.33432158900018294
S035_002_00000006,neutral,0.33722898299993176
S035_002_00000007,neutral,0.3637601990001258
S035_002_00000003,fear,0.3410295660000884
S139_002_00000008,neutral,0.37834464700017634
S139_002_00000007,neutral,0.37963664900007643
S139_002_00000004,neutral,0.3706971579999845
S139_002_00000003,sad,0.3711678760000723
S505_006_00000007,neutral,0.3695620539999709
S505_006_00000019,sad,0.3685475170000245
S505_006_00000005,neutral,0.39915263500006404
S505_006_00000016,sad,0.3863943799999561
S505_002_00000021,neutral,0.3566144629999144
S505_002_00000003,neutral,0.3607760419999977
S505_002_00000002,neutral,0.3645654439999362
S505_002_00000018,neutral,0.35990856300009
S084_002_00000008,fear,0.3620669980000457
S084_002_00000009,fear,0.3647966969999743
S084_002_00000010,fear,0.38184283999999025
S084_002_00000007,surprise,0.36425742200003697
S084_001_00000002,sad,0.362061593999897
S084_001_00000010,fear,0.36508171000014045
S084_001_00000006,neutral,0.3661363030000757
S084_001_00000003,neutral,0.3636871839999003
S116_005_00000005,neutral,0.3551547629999732
S116_005_00000006,neutral,0.36415185600003497
S116_005_00000014,sad,0.39328146200000447
S116_005_00000009,neutral,0.37091817600003196
S116_006_00000004,sad,0.350042164000115
S116_006_00000005,angry,0.3390409459998409
S116_006_00000002,neutral,0.3587496390000524
S116_006_00000006,angry,0.33208050999996885
S116_004_00000002,neutral,0.3732515230001354
S116_004_00000008,neutral,0.3713921089999985
S116_004_00000013,sad,0.40200347699988015
S116_004_00000012,neutral,0.38750735199982955
S116_007_00000014,happy,0.3426426559999527
S116_007_00000009,happy,0.346466798000165
S116_007_00000015,happy,0.342362274999914
S116_007_00000017,happy,0.34184184800005823
S116_002_00000003,neutral,0.35938598899997487
S116_002_00000008,happy,0.3619555650000166
S116_002_00000002,neutral,0.38333453899986125
S116_002_00000007,happy,0.3666159440001593
S116_001_00000006,neutral,0.3765593280002122
S116_001_00000009,surprise,0.3758730370000194
S116_001_00000004,neutral,0.3622069079999619
S116_001_00000010,surprise,0.3809264419999181
S116_003_00000002,neutral,0.378686850999884
S116_003_00000004,neutral,0.38085065000018403
S116_003_00000001,neutral,0.39867192500014426
S116_003_00000003,neutral,0.40008600599981037
S051_003_00000015,happy,0.32698218900009124
S051_003_00000017,happy,0.3235999539999739
S051_003_00000001,neutral,0.3516761089999818
S051_003_00000011,neutral,0.33609845400019367
S149_002_00000011,neutral,0.3912825300001259
S149_002_00000008,neutral,0.38756189400010044
S149_002_00000004,neutral,0.4100531670001146
S149_002_00000012,neutral,0.399597999000207
S122_005_00000031,fear,0.3951002490000519
S122_005_00000018,fear,0.3909129179999127
S122_005_00000024,fear,0.39019868199989105
S122_005_00000020,fear,0.39896135500021046
S122_004_00000017,neutral,0.3697111720000521
S122_004_00000004,neutral,0.3672595119999187
S122_004_00000002,fear,0.3913969969999016
S122_004_00000015,fear,0.3731187820001196
S122_002_00000007,neutral,0.3811035759999868
S122_002_00000001,fear,0.37979145200006315
S122_002_00000009,neutral,0.386688470000081
S122_002_00000003,fear,0.3823201339998832
S122_001_00000003,neutral,0.37927748800007066
S122_001_00000012,fear,0.3874273979999998
S122_001_00000002,fear,0.4239219950000006
S122_001_00000011,fear,0.38135616099998515
S101_005_00000006,neutral,0.37261453299993263
S101_005_00000001,neutral,0.3707904820000749
S101_005_00000004,neutral,0.3720017390000976
S101_005_00000003,neutral,0.4081735419999859
